author_id,paper_id,corresponding
57219571200,10.1002/asi.24855,TRUE
35726817600,10.3390/s24041209,TRUE
58897160900,10.3390/s24041209,FALSE
56441810700,10.3390/s24041209,FALSE
57201493795,10.3390/s24041209,FALSE
56905439800,10.1007/s11042-023-16751-6,TRUE
58590896700,10.1007/s11042-023-16751-6,FALSE
58590009300,10.1007/s11042-023-16751-6,FALSE
58916008100,10.1109/ICICIS56802.2023.10430275,TRUE
55842581400,10.1109/ICICIS56802.2023.10430275,FALSE
9639157500,10.1109/TNET.2024.3352029,TRUE
36169455600,10.1109/TNET.2024.3352029,FALSE
57207522864,10.1109/TNET.2024.3352029,FALSE
7006334565,10.1109/TNET.2024.3352029,FALSE
57678846400,10.1145/3592307.3592335,TRUE
54974129600,10.1145/3592307.3592335,FALSE
24823949600,10.1145/3592307.3592335,FALSE
57208325596,10.1007/s40031-024-01006-1,TRUE
57216585545,10.1007/s40031-024-01006-1,FALSE
58914838400,10.1007/s40031-024-01006-1,FALSE
58915558800,10.1007/s40031-024-01006-1,FALSE
55797310800,10.1007/s40031-024-01006-1,FALSE
57207269240,10.1007/s40031-024-01006-1,FALSE
36118361900,10.1007/s40031-024-01006-1,FALSE
57883556700,10.1016/j.bspc.2023.105884,TRUE
57884306400,10.1016/j.bspc.2023.105884,FALSE
55395369000,10.1016/j.bspc.2023.105884,FALSE
57884306500,10.1016/j.bspc.2023.105884,FALSE
57196413415,10.1016/j.bspc.2023.105884,FALSE
57216895794,10.1016/j.bspc.2023.105884,FALSE
7005780945,10.1016/j.specom.2024.103039,TRUE
57220011737,10.1016/j.specom.2024.103039,FALSE
13608760900,10.1016/j.specom.2024.103039,FALSE
56331292000,10.1016/j.specom.2024.103039,FALSE
57250456700,10.1109/ACCESS.2023.3344680,TRUE
26642725800,10.1109/ACCESS.2023.3344680,FALSE
17434962100,10.1109/ACCESS.2023.3344680,FALSE
54392508000,10.1109/TLT.2023.3322128,TRUE
57281491100,10.1109/TLT.2023.3322128,FALSE
58691023800,10.1109/NEleX59773.2023.10421720,TRUE
39961062300,10.4230/LIPIcs.ICDT.2023.14,TRUE
39961062300,10.4230/LIPIcs.ICDT.2023.7,TRUE
39961062300,10.4230/LIPIcs.ICDT.2023.5,TRUE
39961062300,10.4230/LIPIcs.ICDT.2023.8,TRUE
39961062300,10.4230/LIPIcs.ICDT.2023.22,TRUE
39961062300,10.4230/LIPIcs.ICDT.2024.15,TRUE
57211108673,10.4230/LIPIcs.ICDT.2024.15,FALSE
55813479500,10.4230/LIPIcs.ICDT.2024.15,FALSE
57891453100,10.1145/3555776.3577772,TRUE
35113258100,10.1145/3555776.3577772,FALSE
6603620265,10.1145/3555776.3577772,FALSE
58038754200,10.1109/ICRASET59632.2023.10420257,TRUE
57215537196,10.1109/ICRASET59632.2023.10420257,FALSE
57222117369,10.1109/ICRASET59632.2023.10420257,FALSE
57201870645,10.1007/s12530-023-09559-0,TRUE
58831529200,10.1007/s12530-023-09559-0,FALSE
57210688875,10.1007/s12530-023-09559-0,FALSE
57220482267,10.1007/s12530-023-09559-0,FALSE
58849970600,10.1109/SIoT60039.2023.10389856,TRUE
58882685100,10.1109/SIoT60039.2023.10389856,FALSE
58167671300,10.1109/SIoT60039.2023.10389856,FALSE
58538636900,10.1109/SIoT60039.2023.10389856,FALSE
57207807053,10.1109/SIoT60039.2023.10389856,FALSE
36537969500,10.1109/SIoT60039.2023.10389856,FALSE
35519411300,10.1109/SIoT60039.2023.10389856,FALSE
58547352900,10.1145/3539618.3592061,TRUE
55811167300,10.1145/3539618.3592061,FALSE
7403171805,10.1145/3539618.3592061,FALSE
7404213547,10.1145/3539618.3592061,FALSE
57219591344,10.1109/ACCESS.2023.3349242,TRUE
7003307457,10.1109/ACCESS.2023.3349242,FALSE
58548421200,,TRUE
58282972100,,FALSE
58548993300,,FALSE
56497691700,,FALSE
14120320900,,FALSE
6601910743,,FALSE
58079825100,10.1109/ICITDA60835.2023.10426919,TRUE
57226731165,10.1109/ICITDA60835.2023.10426919,FALSE
57215834536,10.1109/ICITDA60835.2023.10426919,FALSE
57203844500,10.1109/ICITDA60835.2023.10426919,FALSE
55009925500,10.1109/ICITDA60835.2023.10426919,FALSE
58699855200,10.1109/TC.2023.3329943,TRUE
56735001300,10.1109/TC.2023.3329943,FALSE
58882850200,10.1109/ICACTA58201.2023.10392861,TRUE
58404582800,10.1109/ICACTA58201.2023.10392861,FALSE
58882557200,10.1109/ICACTA58201.2023.10392861,FALSE
56763885200,10.1109/ICACTA58201.2023.10392861,FALSE
58882708600,10.1109/ICACTA58201.2023.10392861,FALSE
57455876600,10.22489/CinC.2023.116,TRUE
6701309632,10.22489/CinC.2023.116,FALSE
24822561400,10.22489/CinC.2023.116,FALSE
57194833958,10.1145/3543873.3587563,TRUE
58567078600,10.1021/acs.jcim.3c01617,TRUE
57216591230,10.1021/acs.jcim.3c01617,FALSE
57250606000,10.1021/acs.jcim.3c01617,FALSE
57119398400,10.1021/acs.jcim.3c01617,FALSE
58260277200,10.1186/s13634-023-01094-z,TRUE
57817980900,10.1186/s13634-023-01094-z,FALSE
57201944567,10.1109/IEMENTech60402.2023.10423480,TRUE
57226772700,10.1109/IEMENTech60402.2023.10423480,FALSE
57197115321,10.1109/IEMENTech60402.2023.10423480,FALSE
55418599500,10.1109/IEMENTech60402.2023.10423480,FALSE
55092424400,10.1109/MIC.2023.3333199,TRUE
57208013526,10.1109/MIC.2023.3333199,FALSE
56023218000,10.1109/MIC.2023.3333199,FALSE
57202983461,10.1109/MIC.2023.3333199,FALSE
56535317400,10.1109/MIC.2023.3333199,FALSE
57221949992,10.1109/MIC.2023.3333199,FALSE
57204780412,10.1145/3592980.3595323,TRUE
57217014442,10.1145/3592980.3595323,FALSE
55939258500,10.1145/3592980.3595323,FALSE
58066210900,,TRUE
57880700700,,FALSE
57194281199,,FALSE
57496917100,10.1007/s11760-024-03063-x,TRUE
57224084178,10.1007/s11760-024-03063-x,FALSE
53986322900,10.1007/s11760-024-03063-x,FALSE
25822202900,10.1007/s11760-024-03063-x,FALSE
36022338100,10.1007/s11760-024-03063-x,FALSE
21740649500,10.1007/s11760-024-03063-x,FALSE
7004238624,10.1007/s11760-024-03063-x,FALSE
8561556100,10.1007/s11760-024-03063-x,FALSE
16479742300,,TRUE
57202448801,,FALSE
57190575875,,FALSE
27867794600,,FALSE
57193856589,10.3390/info15010034,TRUE
57217014026,10.1145/3592980.3595312,TRUE
24335052400,10.1145/3592980.3595312,FALSE
8963494900,10.1145/3592980.3595312,FALSE
58408822100,10.1007/s11042-024-18990-7,TRUE
58543941400,10.1007/s11042-024-18990-7,FALSE
57734203200,10.1007/s11042-024-18990-7,FALSE
55451797100,10.1007/s11042-023-16304-x,TRUE
56712315000,10.1007/s11042-023-16304-x,FALSE
26221014200,10.1007/s11042-023-16304-x,FALSE
57215155727,10.1007/s11042-023-16304-x,FALSE
55356190900,10.1007/s11042-023-16304-x,FALSE
57216746679,10.1007/s11042-024-18461-z,TRUE
57216745048,10.1007/s11042-024-18461-z,FALSE
13607482600,10.1007/s11042-024-18461-z,FALSE
58906727300,10.1007/s11042-024-18461-z,FALSE
6701841885,10.1016/j.commatsci.2024.112810,TRUE
58889101100,10.1016/j.commatsci.2024.112810,FALSE
7202386927,10.1016/j.commatsci.2024.112810,FALSE
58889275300,10.1016/j.commatsci.2024.112810,FALSE
58889362100,10.1016/j.commatsci.2024.112810,FALSE
57190487952,10.1016/j.procs.2023.12.161,TRUE
58740299200,10.1016/j.procs.2023.12.161,FALSE
57210173007,10.1016/j.procs.2023.12.161,FALSE
57194208505,10.1016/j.procs.2023.12.161,FALSE
57222154960,10.1016/j.procs.2023.12.161,FALSE
57222148676,10.1016/j.procs.2023.12.161,FALSE
58903743500,10.1109/DESSERT61349.2023.10416500,TRUE
22034616000,10.1109/DESSERT61349.2023.10416500,FALSE
58903743600,10.1109/DESSERT61349.2023.10416500,FALSE
58903279100,10.1109/DESSERT61349.2023.10416500,FALSE
57191858030,10.1142/S0219467825500561,TRUE
58874974200,10.1142/S0219467825500561,FALSE
58356114200,10.1142/S0219467825500561,FALSE
58875156600,10.1142/S0219467825500561,FALSE
36810072800,10.1142/S0219467825500561,FALSE
58700975800,,TRUE
57216147633,,FALSE
57216148997,,FALSE
57202441995,10.1109/TC.2023.3326982,TRUE
58174954100,10.1109/TC.2023.3326982,FALSE
57948604300,10.1109/TC.2023.3326982,FALSE
12792666700,10.1109/TC.2023.3326982,FALSE
57191033645,10.1145/3584372.3588667,TRUE
55965366000,10.1145/3584372.3588667,FALSE
57205028633,10.1016/j.csbj.2024.03.015,TRUE
7202798518,10.1016/j.csbj.2024.03.015,FALSE
56340229900,10.48786/edbt.2023.74,TRUE
57205474260,10.48786/edbt.2023.74,FALSE
6506220454,10.48786/edbt.2023.74,FALSE
7003811650,10.48786/edbt.2023.74,FALSE
58112466000,10.48786/edbt.2023.74,FALSE
57204759416,10.1016/j.bspc.2023.105465,TRUE
23974223300,10.1016/j.bspc.2023.105465,FALSE
57190388232,10.1109/TKDE.2023.3310038,TRUE
57037762100,10.1109/TKDE.2023.3310038,FALSE
56084193000,10.1109/TKDE.2023.3310038,FALSE
57210108787,10.1109/TKDE.2023.3310038,FALSE
8537823200,10.1109/TKDE.2023.3310038,FALSE
56902540800,10.3934/electreng.2024004,TRUE
58928139000,10.3934/electreng.2024004,FALSE
57200260249,10.3934/electreng.2024004,FALSE
57219311577,10.1109/TMM.2023.3312851,TRUE
57226055240,10.1109/TMM.2023.3312851,FALSE
57201590201,10.1109/TMM.2023.3312851,FALSE
55825347400,10.1109/TMM.2023.3312851,FALSE
56303521100,10.1109/TMM.2023.3312851,FALSE
55364979300,10.1109/TMM.2023.3312851,FALSE
58345085000,10.1016/j.ins.2023.119847,TRUE
56209032800,10.1016/j.ins.2023.119847,FALSE
57243507700,10.1016/j.ins.2023.119847,FALSE
57491488500,10.1016/j.ins.2023.119847,FALSE
55774663200,10.1109/TSMC.2023.3301001,TRUE
57204930290,10.1109/TSMC.2023.3301001,FALSE
57447998700,10.1109/TSMC.2023.3301001,FALSE
56854903200,10.1109/TSMC.2023.3301001,FALSE
7402829702,10.1109/TSMC.2023.3301001,FALSE
58033275500,10.1109/JIOT.2024.3373783,TRUE
56323991400,10.1109/JIOT.2024.3373783,FALSE
57427316900,10.1109/JIOT.2024.3373783,FALSE
57709845600,10.1109/JIOT.2024.3373783,FALSE
55568520270,10.1109/JIOT.2024.3373783,FALSE
7404158804,10.1109/JIOT.2024.3373783,FALSE
57695820100,10.1016/j.csbj.2023.12.001,TRUE
8279062200,10.1016/j.csbj.2023.12.001,FALSE
57211716176,10.1016/j.csbj.2023.12.001,FALSE
57954949600,10.1016/j.csbj.2023.12.001,FALSE
57193858315,10.1016/j.csbj.2023.12.001,FALSE
57214271852,10.1016/j.csbj.2023.12.001,FALSE
58862389200,10.1109/JIOT.2024.3352016,TRUE
57192918627,10.1109/JIOT.2024.3352016,FALSE
58861895700,10.1109/JIOT.2024.3352016,FALSE
58861643400,10.1109/JIOT.2024.3352016,FALSE
58862641300,10.1109/JIOT.2024.3352016,FALSE
57737886200,10.1109/VCIP59821.2023.10402708,TRUE
8335632500,10.1109/VCIP59821.2023.10402708,FALSE
55475208200,10.1109/VCIP59821.2023.10402708,FALSE
57210241290,10.1117/12.3021828,TRUE
58837861300,10.1117/12.3021828,FALSE
58838367700,10.1117/12.3021828,FALSE
58838367800,10.1117/12.3021828,FALSE
7101719136,10.1145/3579856.3582826,TRUE
36895320900,10.1145/3579856.3582826,FALSE
57209781010,10.1145/3579856.3582826,FALSE
58205133300,10.1145/3579856.3582826,FALSE
57191262200,10.1145/3579856.3582826,FALSE
58965688500,10.1186/s12859-024-05764-z,TRUE
57212378191,10.1186/s12859-024-05764-z,FALSE
35494458100,10.1186/s12859-024-05764-z,FALSE
55934935600,10.1186/s12859-024-05764-z,FALSE
57220310916,10.1016/j.future.2023.09.024,TRUE
36081282300,10.1016/j.future.2023.09.024,FALSE
7004160569,10.1109/DESSERT61349.2023.10416531,TRUE
57207954084,10.1109/DESSERT61349.2023.10416531,FALSE
57191608478,10.1109/DESSERT61349.2023.10416531,FALSE
7004369951,10.1109/DESSERT61349.2023.10416531,FALSE
57211147344,10.1109/DESSERT61349.2023.10416531,FALSE
7403588889,10.1145/3584372.3589935,TRUE
57021823200,10.1145/3579027.3608990,TRUE
8694723200,10.1145/3579027.3608990,FALSE
23397760700,10.1145/3579027.3608990,FALSE
13403686900,10.1145/3579027.3608990,FALSE
57209223899,10.1021/acs.jcim.3c01953,TRUE
8417985000,10.1021/acs.jcim.3c01953,FALSE
47861564100,10.1021/acs.jcim.3c01953,FALSE
57203690310,10.1021/acs.jcim.3c01953,FALSE
57212672848,10.1021/acs.jcim.3c01953,FALSE
57193056558,10.1021/acs.jcim.3c01953,FALSE
6603320500,10.1021/acs.jcim.3c01953,FALSE
58890084400,10.1109/LA-CCI58595.2023.10409478,TRUE
7801397843,10.1109/LA-CCI58595.2023.10409478,FALSE
58890084500,10.1109/LA-CCI58595.2023.10409478,FALSE
57202829668,10.1109/ICSC58660.2023.10449764,TRUE
55335280000,10.1109/ICSC58660.2023.10449764,FALSE
57216160845,10.1109/ICECA58529.2023.10395674,TRUE
57211773955,10.1109/ICECA58529.2023.10395674,FALSE
56956337200,10.1109/ICAIHC59020.2023.10430485,TRUE
58921373400,10.1109/ICAIHC59020.2023.10430485,FALSE
57222360072,10.1109/ICAIHC59020.2023.10430485,FALSE
55361564600,10.1109/ICAIHC59020.2023.10430485,FALSE
35769748800,10.1109/ICAIHC59020.2023.10430485,FALSE
58911493400,10.1109/IEMENTech60402.2023.10423464,TRUE
57201944567,10.1109/IEMENTech60402.2023.10423464,FALSE
57197115321,10.1109/IEMENTech60402.2023.10423464,FALSE
55418599500,10.1109/IEMENTech60402.2023.10423464,FALSE
56402020900,10.1109/ICEFEET59656.2023.10452246,TRUE
57212934197,10.1109/ICEFEET59656.2023.10452246,FALSE
55635963800,10.1109/ICEFEET59656.2023.10452246,FALSE
9041881000,10.4230/LIPIcs.MFCS.2023.39,TRUE
57746749600,10.4230/LIPIcs.MFCS.2023.39,FALSE
57005958800,10.4230/LIPIcs.MFCS.2023.39,FALSE
7003999554,10.1109/TBIOM.2023.3327287,TRUE
57206263299,10.1109/TBIOM.2023.3327287,FALSE
58621580700,10.1109/TBIOM.2023.3327287,FALSE
57211486948,10.1109/TBIOM.2023.3327287,FALSE
57208261372,10.1016/j.patcog.2023.110166,TRUE
58600709000,10.1109/JBHI.2023.3311677,TRUE
58601266300,10.1109/JBHI.2023.3311677,FALSE
58934258800,10.1109/JBHI.2023.3311677,FALSE
58599041600,10.1109/JBHI.2023.3311677,FALSE
57214351365,10.1504/IJESDF.2024.136024,TRUE
57216892821,10.1504/IJESDF.2024.136024,FALSE
57213613738,,TRUE
12761199000,,FALSE
55504846600,,FALSE
58876729200,,FALSE
58024052900,,FALSE
58085817800,10.1002/asi.24839,TRUE
6507380175,10.1002/asi.24839,FALSE
56049501000,10.1002/asi.24839,FALSE
6603458416,10.1002/asi.24839,FALSE
23035818200,10.1002/asi.24839,FALSE
14060977700,10.1002/asi.24839,FALSE
57215603380,10.1145/3584371.3612990,TRUE
57218846945,10.1145/3584371.3612990,FALSE
7402420191,10.1145/3584371.3612990,FALSE
57215603380,10.1109/IC-RVITM60032.2023.10435190,TRUE
57218846945,10.1109/IC-RVITM60032.2023.10435190,FALSE
7402420191,10.1109/IC-RVITM60032.2023.10435190,FALSE
57215603380,10.4230/LIPIcs.ICDT.2023.6,TRUE
57218846945,10.4230/LIPIcs.ICDT.2023.6,FALSE
7402420191,10.4230/LIPIcs.ICDT.2023.6,FALSE
57215603380,10.1145/3584372.3588666,TRUE
57218846945,10.1145/3584372.3588666,FALSE
7402420191,10.1145/3584372.3588666,FALSE
56571839900,10.1109/TMM.2023.3312924,TRUE
58609404600,10.1109/TMM.2023.3312924,FALSE
8574872000,10.1109/TMM.2023.3312924,FALSE
55737671700,10.1109/TMM.2023.3312924,FALSE
6602512834,,TRUE
57003736200,,FALSE
57429763400,,FALSE
8672125000,,FALSE
35368535300,,FALSE
55676195200,,FALSE
57220027213,,FALSE
57203762231,10.1145/3580305.3599395,TRUE
58594251100,10.1145/3580305.3599395,FALSE
57200497367,10.1145/3580305.3599395,FALSE
58575788400,10.1142/S0129065724500126,TRUE
57203787545,10.1142/S0129065724500126,FALSE
58843996700,10.1142/S0129065724500126,FALSE
35212444900,10.1142/S0129065724500126,FALSE
57222312742,10.1142/S0129065724500126,FALSE
57206320467,10.1142/S0129065724500126,FALSE
56596888100,10.1142/S0129065724500126,FALSE
57219774903,10.1016/j.compbiomed.2024.108066,TRUE
57559917100,10.1016/j.compbiomed.2024.108066,FALSE
58862524500,10.1016/j.compbiomed.2024.108066,FALSE
58861775400,10.1016/j.compbiomed.2024.108066,FALSE
58629751900,10.1016/j.compbiomed.2024.108066,FALSE
57762424900,10.1016/j.compbiomed.2024.108066,FALSE
57762902300,10.1016/j.compbiomed.2024.108066,FALSE
57370211100,10.1016/j.compbiomed.2024.108066,FALSE
7405525810,10.1016/j.compbiomed.2024.108066,FALSE
56504219700,10.1016/j.compbiomed.2024.108066,FALSE
26633967400,10.1016/j.compbiomed.2024.108066,FALSE
57217139187,10.1145/3618257.3624843,TRUE
57337005800,10.1145/3618257.3624843,FALSE
58706880900,10.1145/3618257.3624843,FALSE
55318683200,10.1145/3618257.3624843,FALSE
57211693206,10.1145/3618257.3624843,FALSE
10142863200,10.1145/3618257.3624843,FALSE
57204872056,10.1145/3618257.3624843,FALSE
57214945074,10.3390/s24020507,TRUE
57542616200,10.3390/s24020507,FALSE
57220181673,10.3390/s24020507,FALSE
26660863200,10.3390/s24020507,FALSE
18439025900,10.3390/s24020507,FALSE
58817921000,10.1109/ICEDCS60513.2023.00084,TRUE
22333554700,10.1109/JBHI.2023.3337261,TRUE
58927416100,10.1109/JBHI.2023.3337261,FALSE
37031142400,10.1109/JBHI.2023.3337261,FALSE
57214127310,10.1109/JBHI.2023.3337261,FALSE
57268111900,10.1109/JBHI.2023.3337261,FALSE
23467846300,10.1109/JBHI.2023.3337261,FALSE
55550317000,10.1038/s41746-023-00994-6,TRUE
58086043000,10.1038/s41746-023-00994-6,FALSE
56167239400,10.1038/s41746-023-00994-6,FALSE
6506803487,10.1038/s41746-023-00994-6,FALSE
58809613300,10.1038/s41746-023-00994-6,FALSE
57913908400,10.1038/s41746-023-00994-6,FALSE
57222029552,10.1038/s41746-023-00994-6,FALSE
57217590446,10.1038/s41746-023-00994-6,FALSE
6701560333,10.1038/s41746-023-00994-6,FALSE
7101690708,10.1038/s41746-023-00994-6,FALSE
7801327466,10.1038/s41746-023-00994-6,FALSE
57213598713,10.1038/s41746-023-00994-6,FALSE
6507893506,10.1038/s41746-023-00994-6,FALSE
58810194000,10.1038/s41746-023-00994-6,FALSE
18433968800,10.1038/s41746-023-00994-6,FALSE
57214882041,10.1007/s11042-023-15139-w,TRUE
57189709147,10.36680/j.itcon.2024.006,TRUE
55898811000,10.36680/j.itcon.2024.006,FALSE
57210410589,10.36680/j.itcon.2024.006,FALSE
58633806700,10.1016/j.eswa.2023.121924,TRUE
57219110699,10.1016/j.eswa.2023.121924,FALSE
57195495275,10.1016/j.eswa.2023.121924,FALSE
55466824600,10.1016/j.eswa.2023.121924,FALSE
58810726400,10.1109/DSC61021.2023.10354217,TRUE
56732908700,10.1109/DSC61021.2023.10354217,FALSE
58150838500,10.4230/LIPIcs.ICDT.2024.4,TRUE
57191033645,10.4230/LIPIcs.ICDT.2024.4,FALSE
14022951100,10.4230/LIPIcs.ICDT.2024.4,FALSE
56904156000,10.1145/3595647.3595651,TRUE
56903681300,10.1145/3595647.3595651,FALSE
16548747700,10.1145/3595647.3595651,FALSE
57209226638,10.1145/3630202.3630225,TRUE
10141380000,10.1145/3630202.3630225,FALSE
56468509100,10.1145/3630202.3630225,FALSE
7003631036,10.1021/acs.jcim.3c01812,TRUE
57471426900,10.1145/3617694.3623223,TRUE
56144702700,10.1145/3617694.3623223,FALSE
56394228400,10.1145/3617694.3623223,FALSE
57223765333,10.30420/456164024,TRUE
57213829483,10.30420/456164024,FALSE
6602231082,10.30420/456164024,FALSE
55636321172,10.1007/s12559-023-10193-w,TRUE
57214490551,10.1007/s12559-023-10193-w,FALSE
36760594500,10.1007/s12559-023-10193-w,FALSE
24476050500,10.1007/s12559-023-10193-w,FALSE
57217055027,10.1007/s12559-023-10193-w,FALSE
57200742116,10.1007/s12559-023-10193-w,FALSE
24474074800,10.4230/LIPIcs.ICDT.2023.24,TRUE
6504243453,10.4230/LIPIcs.ICDT.2023.24,FALSE
55965366000,10.4230/LIPIcs.ICDT.2023.24,FALSE
56110964000,10.4230/LIPIcs.ICDT.2023.24,FALSE
57841812400,10.3390/s24051686,TRUE
7102202806,10.3390/s24051686,FALSE
7003949766,10.3390/s24051686,FALSE
8157676300,10.1145/3615522.3615555,TRUE
57206263296,10.1016/j.compbiomed.2024.108220,TRUE
25921550000,10.1016/j.compbiomed.2024.108220,FALSE
34874014100,10.1016/j.compbiomed.2024.108220,FALSE
26021552100,10.1016/j.compbiomed.2024.108220,FALSE
56597530900,10.1016/j.compbiomed.2024.108220,FALSE
57195591900,10.1016/j.compgeo.2024.106249,TRUE
58963436800,10.1016/j.compgeo.2024.106249,FALSE
57193254778,10.1016/j.compgeo.2024.106249,FALSE
58724888900,10.1016/j.iswa.2023.200310,TRUE
55339895000,10.1016/j.iswa.2023.200310,FALSE
58724889000,10.1016/j.iswa.2023.200310,FALSE
57194617806,10.1016/j.iswa.2023.200310,FALSE
58883111700,10.1007/s11042-024-18298-6,TRUE
57293296300,10.1007/s11042-024-18298-6,FALSE
16041797800,10.1109/ICITES59818.2023.10356864,TRUE
57563379200,10.1109/ICITES59818.2023.10356864,FALSE
58817964000,10.1109/ICITES59818.2023.10356864,FALSE
35777888300,10.1109/ICITES59818.2023.10356864,FALSE
57194049315,10.1109/ICITES59818.2023.10356864,FALSE
58817964100,10.1109/ICITES59818.2023.10356864,FALSE
58817958700,10.1109/ICEDCS60513.2023.00131,TRUE
56871353100,10.1007/s11042-023-15959-w,TRUE
58415661300,10.1007/s11042-023-15959-w,FALSE
57219503860,10.1007/s11042-023-15959-w,FALSE
54956491600,10.1109/ACII59096.2023.10388135,TRUE
6602692153,10.1109/ACII59096.2023.10388135,FALSE
6602319920,10.1109/ACII59096.2023.10388135,FALSE
57719341200,10.1109/BIOSIG58226.2023.10345994,TRUE
57207568529,10.1109/BIOSIG58226.2023.10345994,FALSE
36071504600,10.1109/BIOSIG58226.2023.10345994,FALSE
15848147800,10.1007/s11042-023-15714-1,TRUE
58541526400,10.1145/3595360.3595853,TRUE
57210979261,10.1145/3595360.3595853,FALSE
57197799893,10.1145/3595360.3595853,FALSE
56515302800,10.1145/3595360.3595853,FALSE
6602853794,10.1145/3595360.3595853,FALSE
58871532300,,TRUE
56534204300,,FALSE
58113383300,10.1145/3620678.3624656,TRUE
58662582900,10.1145/3620678.3624656,FALSE
58112446900,10.1145/3620678.3624656,FALSE
58112685500,10.1145/3620678.3624656,FALSE
36706133600,10.1145/3620678.3624656,FALSE
58260990600,10.1145/3620678.3624656,FALSE
58743495200,10.1145/3620678.3624656,FALSE
14022136000,10.1145/3620678.3624656,FALSE
57879304200,10.1016/j.ins.2024.120262,TRUE
56183769400,10.1016/j.ins.2024.120262,FALSE
8218376800,10.1016/j.ins.2024.120262,FALSE
7402366049,10.1016/j.ins.2024.120262,FALSE
57221705225,10.1109/TII.2023.3297139,TRUE
24376851300,10.1109/TII.2023.3297139,FALSE
44860895000,10.1109/TII.2023.3297139,FALSE
55978551900,10.1109/TII.2023.3297139,FALSE
57205093119,10.1109/ICIC60109.2023.10381942,TRUE
58850319600,10.1109/ICIC60109.2023.10381942,FALSE
57211004932,10.1109/ICIC60109.2023.10381942,FALSE
58089293200,10.1109/ICIC60109.2023.10381942,FALSE
58312529600,10.1109/ICIC60109.2023.10381942,FALSE
57225741273,10.1109/ICIC60109.2023.10381942,FALSE
58144915300,10.1109/MICC59384.2023.10419720,TRUE
56123435100,10.1109/MICC59384.2023.10419720,FALSE
58813187500,10.1109/ICDACAI59742.2023.00127,TRUE
58813011600,10.1109/ICDACAI59742.2023.00127,FALSE
58026522600,10.1109/ICDACAI59742.2023.00127,FALSE
58813056500,10.1109/ICDACAI59742.2023.00127,FALSE
58813011700,10.1109/ICDACAI59742.2023.00127,FALSE
58813187600,10.1109/ICDACAI59742.2023.00127,FALSE
58813097400,10.1109/ICDACAI59742.2023.00127,FALSE
57206647167,10.1016/j.sasc.2023.200070,TRUE
58860218400,10.1016/j.sasc.2023.200070,FALSE
58860482600,10.1016/j.sasc.2023.200070,FALSE
58919549100,10.1109/AMCAI59331.2023.10431516,TRUE
58919595800,10.1109/AMCAI59331.2023.10431516,FALSE
58919154500,10.1109/AMCAI59331.2023.10431516,FALSE
55257620500,10.1109/AMCAI59331.2023.10431516,FALSE
56110254700,10.4230/LIPIcs.ICDT.2024.20,TRUE
35078595000,10.1145/3570991.3571009,TRUE
57162370400,10.1145/3570991.3571009,FALSE
57200511490,10.1145/3570991.3571009,FALSE
58829600500,10.1016/j.media.2024.103087,TRUE
35275335900,10.1016/j.media.2024.103087,FALSE
57201418237,10.1016/j.media.2024.103087,FALSE
58763994900,10.1016/j.media.2024.103087,FALSE
7405613588,10.1016/j.media.2024.103087,FALSE
57348534100,10.1016/j.media.2024.103087,FALSE
35484110400,10.1016/j.media.2024.103087,FALSE
57426015000,10.1016/j.media.2024.103087,FALSE
58832322000,10.1016/j.media.2024.103087,FALSE
35269333200,10.1016/j.media.2024.103087,FALSE
57189503070,10.1145/3545947.3576350,TRUE
7801473896,10.1145/3545947.3576350,FALSE
57203768138,10.1145/3545947.3576350,FALSE
57208178055,10.1109/CATS58046.2023.10424267,TRUE
57202836473,10.1109/CATS58046.2023.10424267,FALSE
58909396500,10.1109/CATS58046.2023.10424267,FALSE
58909522100,10.1109/CATS58046.2023.10424267,FALSE
58478157900,10.1109/CATS58046.2023.10424267,FALSE
58137079500,10.1109/CATS58046.2023.10424267,FALSE
58137972800,10.1109/CATS58046.2023.10424267,FALSE
58137753400,10.1109/CATS58046.2023.10424267,FALSE
57196579609,10.1109/ACCESS.2024.3362294,TRUE
57215743365,10.1109/ACCESS.2024.3362294,FALSE
57193563368,10.1109/ACCESS.2024.3362294,FALSE
57216886887,10.1109/ACCESS.2024.3362294,FALSE
58317933000,10.1145/3592686.3592756,TRUE
57222553458,10.1145/3592686.3592756,FALSE
56902162800,10.1145/3592686.3592756,FALSE
8857509500,10.1109/TDSC.2023.3264567,TRUE
58871945400,10.1109/TDSC.2023.3264567,FALSE
8886024500,10.1109/TDSC.2023.3264567,FALSE
56948560600,10.1109/TDSC.2023.3264567,FALSE
58193404400,10.1109/TDSC.2023.3264567,FALSE
56227076700,10.1109/TDSC.2023.3264567,FALSE
36538400800,10.1109/TDSC.2023.3264567,FALSE
58666920000,10.1109/3ICT60104.2023.10391650,TRUE
58667843600,10.1109/3ICT60104.2023.10391650,FALSE
58876410500,10.1109/3ICT60104.2023.10391650,FALSE
56033523800,10.1109/3ICT60104.2023.10391650,FALSE
57217076742,10.1016/j.engappai.2024.108036,TRUE
57225034895,10.1016/j.engappai.2024.108036,FALSE
57944580900,10.1016/j.engappai.2024.108036,FALSE
58896272400,10.1016/j.engappai.2024.108036,FALSE
57194016640,,TRUE
57194010534,,FALSE
57216209808,,FALSE
58860323000,,FALSE
58860586700,,FALSE
57211885719,10.1109/TNSE.2023.3300768,TRUE
57194330345,10.1109/TNSE.2023.3300768,FALSE
58509274600,10.1109/TNSE.2023.3300768,FALSE
55750201900,10.1109/TNSE.2023.3300768,FALSE
34769680100,10.1109/TNSE.2023.3300768,FALSE
56883547100,10.1109/TMM.2023.3303725,TRUE
58534666100,10.1109/TMM.2023.3303725,FALSE
55839736400,10.1109/TMM.2023.3303725,FALSE
57196370079,10.1109/TMM.2023.3303725,FALSE
36067507500,10.1109/TMM.2023.3303725,FALSE
57305287800,10.1109/TMM.2023.3303725,FALSE
57732242400,10.1109/BigDIA60676.2023.10429411,TRUE
55717945400,10.1109/BigDIA60676.2023.10429411,FALSE
57190290150,10.1109/BigDIA60676.2023.10429411,FALSE
58360091200,10.1109/BigDIA60676.2023.10429411,FALSE
57647219100,10.1109/BigDIA60676.2023.10429411,FALSE
14061534000,10.1109/BigDIA60676.2023.10429411,FALSE
57217108394,10.1145/3633512,TRUE
57263716600,10.1145/3633512,FALSE
57212109067,10.1145/3575693.3575699,TRUE
57212108086,10.1145/3575693.3575699,FALSE
57226499433,10.1145/3575693.3575699,FALSE
7405365838,10.1145/3575693.3575699,FALSE
57469251900,10.13052/jcsm2245-1439.1311,TRUE
57469979200,10.13052/jcsm2245-1439.1311,FALSE
57208653298,10.1109/IMCOM60618.2024.10418292,TRUE
14018085700,10.1109/IMCOM60618.2024.10418292,FALSE
7406537386,10.1109/IMCOM60618.2024.10418292,FALSE
57222956513,10.1145/3597465.3605224,TRUE
58416431000,10.1145/3597465.3605224,FALSE
36083426700,10.1145/3597465.3605224,FALSE
56039325700,10.1016/j.ins.2024.120257,TRUE
57225757647,10.1016/j.ins.2024.120257,FALSE
15043128400,10.1016/j.ins.2024.120257,FALSE
55195057700,10.1016/j.ins.2024.120257,FALSE
57193815133,10.1016/j.ins.2024.120257,FALSE
58742853100,10.1016/j.ins.2024.120257,FALSE
35147075900,10.1016/j.ins.2024.120257,FALSE
58763641300,10.1016/j.bspc.2023.105823,TRUE
57438851900,10.1016/j.bspc.2023.105823,FALSE
37665240000,10.1016/j.bspc.2023.105823,FALSE
58763882100,10.1016/j.bspc.2023.105823,FALSE
58695167100,10.1016/j.bspc.2023.105823,FALSE
6701460323,10.1016/j.bspc.2023.105823,FALSE
41561393200,10.1109/SmartCloud58862.2023.00020,TRUE
55004896900,10.1109/SmartCloud58862.2023.00020,FALSE
58847392600,10.1109/SmartCloud58862.2023.00020,FALSE
55176260700,10.1109/SUMMA60232.2023.10349480,TRUE
58811545900,10.1109/SUMMA60232.2023.10349480,FALSE
57201735463,10.1016/j.compag.2023.108500,TRUE
58552611900,10.1016/j.compag.2023.108500,FALSE
57217055027,10.1016/j.compag.2023.108500,FALSE
7005533720,10.1016/j.compag.2023.108500,FALSE
55636321172,10.1016/j.compag.2023.108500,FALSE
58940125500,10.1145/3638837.3638845,TRUE
58940014100,10.1145/3638837.3638845,FALSE
57207601856,10.1145/3584371.3613022,TRUE
7004553807,10.1145/3584371.3613022,FALSE
7006168340,10.1145/3584371.3613022,FALSE
57207601856,10.1145/3555776.3577652,TRUE
58175437400,10.1145/3555776.3577652,FALSE
57932048400,10.1016/j.specom.2024.103047,TRUE
56331292000,10.1016/j.specom.2024.103047,FALSE
7005780945,10.1016/j.specom.2024.103047,FALSE
57218602688,10.1016/j.compbiomed.2024.108224,TRUE
57217080107,10.1016/j.compbiomed.2024.108224,FALSE
57218599713,10.1016/j.compbiomed.2024.108224,FALSE
58562445400,10.1016/j.compbiomed.2024.108224,FALSE
58927638600,10.1016/j.compbiomed.2024.108224,FALSE
19640863500,10.1016/j.compbiomed.2024.108224,FALSE
9534854100,10.1016/j.compbiomed.2024.108224,FALSE
56748055800,10.3233/JIFS-232918,TRUE
55863910100,10.3233/JIFS-232918,FALSE
58897001100,10.3233/JIFS-232918,FALSE
58477362800,10.3233/JIFS-232918,FALSE
58961107500,10.1007/s11128-024-04346-5,TRUE
55516817200,10.1007/s11128-024-04346-5,FALSE
56183562400,10.1007/s11128-024-04346-5,FALSE
58960905400,10.1007/s11128-024-04346-5,FALSE
58960060400,10.1007/s11128-024-04346-5,FALSE
25625282000,10.1007/s11128-024-04346-5,FALSE
57847538800,10.1117/12.3021729,TRUE
58838090400,10.1117/12.3021729,FALSE
58179258300,10.1109/ICSIMA59853.2023.10373467,TRUE
57698193600,10.1109/ICSIMA59853.2023.10373467,FALSE
15922248600,10.1109/ICSIMA59853.2023.10373467,FALSE
58966858800,10.1109/ICTBIG59752.2023.10456032,TRUE
58966794700,10.1109/ICTBIG59752.2023.10456032,FALSE
58966858900,10.1109/ICTBIG59752.2023.10456032,FALSE
58966859000,10.1109/ICTBIG59752.2023.10456032,FALSE
56607283300,10.1109/ICTBIG59752.2023.10456032,FALSE
57217724734,10.1109/TMI.2023.3302473,TRUE
58597536000,10.1109/TMI.2023.3302473,FALSE
58762503900,10.1109/TMI.2023.3302473,FALSE
57211998742,10.1109/TMI.2023.3302473,FALSE
57211222232,10.1109/TMI.2023.3302473,FALSE
6602671732,10.1109/TMI.2023.3302473,FALSE
56287884800,10.1109/TMI.2023.3302473,FALSE
55267572300,10.1109/JIOT.2023.3327738,TRUE
57210390156,10.1007/s11042-023-16508-1,TRUE
56902110800,10.1007/s11042-023-16508-1,FALSE
56091877400,10.1007/s11042-023-16508-1,FALSE
57762657000,10.1145/3595360.3595858,TRUE
57203130515,10.1145/3595360.3595858,FALSE
57223723743,10.1145/3595360.3595858,FALSE
57203120238,10.1145/3595360.3595858,FALSE
57214227327,10.1145/3595360.3595858,FALSE
57217101286,10.1145/3595360.3595858,FALSE
57216981009,10.1145/3595360.3595858,FALSE
57223742987,10.1145/3595360.3595858,FALSE
58542184700,10.1145/3595360.3595858,FALSE
57889969700,10.1145/3595360.3595858,FALSE
57219121206,10.1145/3595360.3595858,FALSE
58542673200,10.1145/3595360.3595858,FALSE
58542673300,10.1145/3595360.3595858,FALSE
58541690700,10.1145/3595360.3595858,FALSE
58542673400,10.1145/3595360.3595858,FALSE
57322556800,10.1145/3595360.3595858,FALSE
58541690800,10.1145/3595360.3595858,FALSE
58542515700,10.1145/3595360.3595858,FALSE
57197251717,10.1145/3595360.3595858,FALSE
57190945113,10.1145/3595360.3595858,FALSE
57223889085,10.1145/3595360.3595858,FALSE
7004594541,10.1145/3595360.3595858,FALSE
56904366400,10.1145/3595360.3595858,FALSE
57190341207,10.1007/s00034-023-02544-7,TRUE
57201378641,10.1007/s00034-023-02544-7,FALSE
57190341207,10.1016/j.bspc.2023.105793,TRUE
56592622500,10.1016/j.bspc.2023.105793,FALSE
57195586996,10.1108/VJIKMS-09-2021-0222,TRUE
57367907500,10.1108/VJIKMS-09-2021-0222,FALSE
57226797604,10.1108/VJIKMS-09-2021-0222,FALSE
57219531893,10.1108/VJIKMS-09-2021-0222,FALSE
57216965420,10.1108/VJIKMS-09-2021-0222,FALSE
22974706300,10.1108/VJIKMS-09-2021-0222,FALSE
56820318000,10.1016/j.dsm.2023.12.002,TRUE
55193087000,10.1109/TAI.2024.3376319,TRUE
55617166800,10.1109/TAI.2024.3376319,FALSE
16229323800,10.1109/TAI.2024.3376319,FALSE
57204637866,10.1109/TAI.2024.3376319,FALSE
7201996437,10.1109/TAI.2024.3376319,FALSE
56785458500,10.1007/s11042-023-17854-w,TRUE
57456745800,10.1007/s11042-023-16066-6,TRUE
8571819900,10.1007/s11042-023-16066-6,FALSE
55533976400,10.1007/s11042-023-16066-6,FALSE
57225725096,10.1007/s11042-023-16066-6,FALSE
58081521100,10.1109/SITA60746.2023.10373743,TRUE
58743719600,10.1109/SITA60746.2023.10373743,FALSE
8374289500,10.1109/SITA60746.2023.10373743,FALSE
57193712476,10.1016/j.iswa.2023.200320,TRUE
8954485900,10.1016/j.iswa.2023.200320,FALSE
15122367300,10.1016/j.iswa.2023.200320,FALSE
55892237000,10.1016/j.iswa.2023.200320,FALSE
35226378800,10.1016/j.iswa.2023.200320,FALSE
57225007309,10.1016/j.iswa.2023.200320,FALSE
57194724290,10.1016/j.iswa.2023.200320,FALSE
56088078800,,TRUE
57226848553,10.1145/3584372.3588676,TRUE
58194969600,10.1145/3584372.3588676,FALSE
7201595023,10.1145/3584372.3588676,FALSE
7401899783,10.1145/3584372.3588676,FALSE
58181563200,10.1007/s00366-023-01813-y,TRUE
57211929328,10.1007/s00366-023-01813-y,FALSE
14022951100,10.1145/3624717,TRUE
7004313812,10.1145/3624717,FALSE
58530236500,10.1007/s12065-022-00800-4,TRUE
9633071800,10.1007/s12065-022-00800-4,FALSE
57213104549,10.1007/s12065-022-00800-4,FALSE
15851589500,10.1007/s12065-022-00800-4,FALSE
36706329900,10.1145/3633053.3633059,TRUE
57203516630,10.1145/3633053.3633059,FALSE
7202622372,10.1109/MITS.2023.3346842,TRUE
35956632500,10.1109/MODELS-C59198.2023.00009,TRUE
57440016000,10.1109/MODELS-C59198.2023.00009,FALSE
57193642141,10.1109/MODELS-C59198.2023.00009,FALSE
57945783900,10.1109/MODELS-C59198.2023.00009,FALSE
57565477300,10.1109/MODELS-C59198.2023.00009,FALSE
24723160000,10.1109/MODELS-C59198.2023.00009,FALSE
57566721900,10.1109/MODELS-C59198.2023.00009,FALSE
57052132200,10.1145/3576915.3624394,TRUE
58765778900,10.1145/3576915.3624394,FALSE
57219257596,10.1145/3576915.3624394,FALSE
23135290500,10.1145/3576915.3624394,FALSE
58682135700,10.1145/3584371.3612997,TRUE
20635241600,10.1145/3584371.3612997,FALSE
57202195978,10.1007/s40031-024-01027-w,TRUE
57223594953,10.1007/s40031-024-01027-w,FALSE
57221311054,10.1109/ICAR58858.2023.10406721,TRUE
58159055000,10.1109/ICAR58858.2023.10406721,FALSE
58158865800,10.1109/ICAR58858.2023.10406721,FALSE
58158865900,10.1109/ICAR58858.2023.10406721,FALSE
57222464115,10.1109/ICAR58858.2023.10406721,FALSE
37057317600,10.1109/ICAR58858.2023.10406721,FALSE
20433948000,10.1109/IJCB57857.2023.10449189,TRUE
58146782900,10.1109/IJCB57857.2023.10449189,FALSE
7102108008,10.1109/IJCB57857.2023.10449189,FALSE
6603136018,10.1109/IJCB57857.2023.10449189,FALSE
55504385300,10.1007/s10055-023-00900-1,TRUE
58118306000,10.1007/s10055-023-00900-1,FALSE
57971671200,10.1007/s10055-023-00900-1,FALSE
57759399300,10.1145/3600006.3613174,TRUE
57218294008,10.1145/3600006.3613174,FALSE
36674660200,10.1145/3600006.3613174,FALSE
22937488300,10.1145/3600006.3613174,FALSE
55841653800,10.1145/3600006.3613174,FALSE
58155030300,10.1145/3581783.3611860,TRUE
57202394314,10.1145/3581783.3611860,FALSE
57198850029,10.1145/3581783.3611860,FALSE
57210804323,10.1145/3581783.3611860,FALSE
56030205300,10.1145/3581783.3611860,FALSE
15847120000,10.1145/3581783.3611860,FALSE
56537447100,10.1145/3581783.3611860,FALSE
57207622221,10.1145/3589132.3625623,TRUE
15042243500,10.1145/3589132.3625623,FALSE
6602915124,10.1145/3589132.3625623,FALSE
7006849378,10.1145/3589132.3625623,FALSE
7007180170,10.1145/3589132.3625623,FALSE
57203088302,10.1007/s11042-023-16261-5,TRUE
58524538300,10.1007/s11042-023-16261-5,FALSE
57218106668,10.1109/THMS.2023.3329536,TRUE
55321078800,10.1109/THMS.2023.3329536,FALSE
57188828713,10.1109/THMS.2023.3329536,FALSE
57195775424,10.1109/THMS.2023.3329536,FALSE
57202922022,10.1109/THMS.2023.3329536,FALSE
23390004100,10.1109/THMS.2023.3329536,FALSE
7102063099,10.1109/THMS.2023.3329536,FALSE
7407054228,10.1109/THMS.2023.3329536,FALSE
57217578727,10.1109/TLA.2024.10431420,TRUE
57714858600,10.1109/TLA.2024.10431420,FALSE
58138781100,10.1109/TLA.2024.10431420,FALSE
7403269252,10.1109/TLA.2024.10431420,FALSE
57209289122,10.1109/TLA.2024.10431420,FALSE
7004510847,10.1109/TLA.2024.10431420,FALSE
57306904200,10.1109/ICCCIS60361.2023.10425178,TRUE
55042923700,10.1109/ICCCIS60361.2023.10425178,FALSE
57210343923,10.1007/s11042-024-18691-1,TRUE
57220974840,10.1016/j.eswa.2023.121709,TRUE
57218403306,10.1016/j.eswa.2023.121709,FALSE
58834400700,10.1109/APWiMob59963.2023.10365603,TRUE
37003180700,10.1109/APWiMob59963.2023.10365603,FALSE
58833180900,10.1109/APWiMob59963.2023.10365603,FALSE
55428957200,,TRUE
58317044200,,FALSE
9737451300,,FALSE
58623926400,,FALSE
58738528700,,FALSE
57220698445,10.1109/ACCESS.2024.3366455,TRUE
55560792500,10.1109/ACCESS.2024.3366455,FALSE
57193994688,10.1145/3592980.3595316,TRUE
58411839200,10.1145/3592980.3595316,FALSE
57210978331,10.1145/3592980.3595316,FALSE
7501899944,10.1145/3592980.3595316,FALSE
57204302200,10.1145/3592980.3595316,FALSE
58847414500,10.1109/SITA60746.2023.10373691,TRUE
8215761900,10.1109/SITA60746.2023.10373691,FALSE
58847705800,10.1109/SITA60746.2023.10373691,FALSE
57193029385,10.1109/SITA60746.2023.10373691,FALSE
58109938100,10.1016/j.ins.2024.120421,TRUE
57217183830,10.1016/j.ins.2024.120421,FALSE
56183769400,10.1016/j.ins.2024.120421,FALSE
57188968198,10.1016/j.ins.2024.120421,FALSE
57211567723,10.1145/3596225.3596230,TRUE
14028554500,10.1145/3596225.3596230,FALSE
35096497700,10.1145/3596225.3596230,FALSE
57194493671,10.1145/3596225.3596230,FALSE
55939258500,10.1145/3596225.3596230,FALSE
57366497900,10.1109/ACCESS.2024.3383313,TRUE
55845968200,10.1109/ACCESS.2024.3383313,FALSE
7202228052,10.1109/ACCESS.2024.3383313,FALSE
58771228600,10.1145/3617695.3617702,TRUE
57201132764,10.1145/3617695.3617702,FALSE
56133752400,10.1145/3592980.3595311,TRUE
57216647569,10.1145/3592980.3595311,FALSE
57216646563,10.1145/3592980.3595311,FALSE
56285539100,10.1145/3592980.3595311,FALSE
54389894400,10.1145/3592980.3595311,FALSE
57216649907,10.1145/3592980.3595311,FALSE
6507732735,10.1145/3592980.3595311,FALSE
58412611800,10.1145/3592980.3595311,FALSE
58416431300,10.1145/3592980.3595311,FALSE
57221454068,10.1109/ACCESS.2024.3380198,TRUE
7402276352,10.1109/ACCESS.2024.3380198,FALSE
57211147824,10.1145/3544549.3585884,TRUE
57144592500,10.1145/3544549.3585884,FALSE
58237738700,10.1145/3544549.3585884,FALSE
57195622102,10.1145/3544549.3585884,FALSE
57014349100,10.1145/3544549.3585884,FALSE
57988186300,10.1145/3577163.3595091,TRUE
8450365500,10.1145/3577163.3595091,FALSE
7101884567,10.1145/3577163.3595091,FALSE
55474342700,10.1145/3577163.3595091,FALSE
56230937800,10.1109/JIOT.2024.3365714,TRUE
58928873600,10.1109/JIOT.2024.3365714,FALSE
57841490800,10.1109/JIOT.2024.3365714,FALSE
56586277400,10.1109/JIOT.2024.3365714,FALSE
57232201400,10.1109/JIOT.2024.3365714,FALSE
57217248501,10.1145/3539618.3591702,TRUE
57203395820,10.1145/3539618.3591702,FALSE
57945870700,10.1145/3539618.3591702,FALSE
57015922800,10.1145/3539618.3591702,FALSE
57397625900,10.1145/3539618.3591702,FALSE
57043667600,10.1145/3539618.3591702,FALSE
57944921500,10.1145/3539618.3591702,FALSE
57286812000,10.1145/3539618.3591702,FALSE
58909164900,10.1109/AIIIP61647.2023.00007,TRUE
37020571500,10.1109/AIIIP61647.2023.00007,FALSE
57210935038,10.1109/AIIIP61647.2023.00007,FALSE
58915176500,10.1016/j.iswa.2024.200343,TRUE
58913976700,10.1016/j.iswa.2024.200343,FALSE
57189342034,10.1145/3620678.3624668,TRUE
55832716900,10.1145/3620678.3624668,FALSE
57203231767,10.1145/3620678.3624668,FALSE
55719823500,10.1145/3620678.3624668,FALSE
57198770054,10.1145/3620678.3624668,FALSE
57971901500,10.1145/3620678.3624668,FALSE
57218453064,10.1109/TIFS.2023.3326364,TRUE
55417819900,10.1109/TIFS.2023.3326364,FALSE
57209457231,10.1109/TIFS.2023.3326364,FALSE
57217861698,10.1109/TIFS.2023.3326364,FALSE
7404903330,10.1109/TIFS.2023.3326364,FALSE
57453675700,10.1109/CANDAR60563.2023.00028,TRUE
57711145100,10.1109/CANDAR60563.2023.00028,FALSE
36680201800,10.1109/CANDAR60563.2023.00028,FALSE
12039118200,10.1109/CANDAR60563.2023.00028,FALSE
58672512100,10.2478/amns.2023.2.00811,TRUE
57195638696,10.2478/amns.2023.2.00811,FALSE
57872733400,10.1186/s12859-024-05631-x,TRUE
58068321800,10.1186/s12859-024-05631-x,FALSE
57562959800,10.1186/s12859-024-05631-x,FALSE
55890330600,10.1186/s12859-024-05631-x,FALSE
56580909900,10.1186/s12859-024-05631-x,FALSE
55650978700,10.1186/s12859-024-05631-x,FALSE
58813901600,10.1186/s12859-024-05631-x,FALSE
35976071900,10.1186/s12859-024-05631-x,FALSE
7202744819,10.1186/s12859-024-05631-x,FALSE
58927738500,10.1145/3627535.3638478,TRUE
58927478600,10.1145/3627535.3638478,FALSE
58927605800,10.1145/3627535.3638478,FALSE
58927541900,10.1145/3627535.3638478,FALSE
58927800800,10.1145/3627535.3638478,FALSE
58927478700,10.1145/3627535.3638478,FALSE
57207108136,10.1109/TBDATA.2023.3342619,TRUE
56431754000,10.1109/TBDATA.2023.3342619,FALSE
57203102266,10.1109/TBDATA.2023.3342619,FALSE
56315484900,10.1109/TBDATA.2023.3342619,FALSE
56048653500,10.1109/TBDATA.2023.3342619,FALSE
57702058200,10.1016/j.jnlest.2024.100234,TRUE
56113815600,10.1016/j.jnlest.2024.100234,FALSE
57702863300,10.1016/j.jnlest.2024.100234,FALSE
58861355000,10.1016/j.jnlest.2024.100234,FALSE
58349683400,10.1145/3611643.3613893,TRUE
57216386064,10.1145/3611643.3613893,FALSE
35093168200,10.1145/3611643.3613893,FALSE
57211666972,10.1145/3611643.3613893,FALSE
57203239862,10.1145/3611643.3613893,FALSE
57203243422,10.1145/3611643.3613893,FALSE
58736026900,10.1016/j.displa.2023.102625,TRUE
57222335083,10.1016/j.displa.2023.102625,FALSE
55913809400,10.1016/j.displa.2023.102625,FALSE
58111278200,10.1016/j.displa.2023.102625,FALSE
16744171800,10.1016/j.displa.2023.102625,FALSE
58850046800,10.1016/j.displa.2023.102625,FALSE
58712723400,,TRUE
57216694549,,FALSE
57218707688,,FALSE
57214207138,,FALSE
58846819000,,FALSE
57189240238,10.1145/3564246.3585175,TRUE
57221156954,10.1145/3564246.3585175,FALSE
24336779600,10.1145/3564246.3585175,FALSE
58921336500,10.1109/ISCTech60480.2023.00094,TRUE
57211925655,10.1109/ISCTech60480.2023.00094,FALSE
57863806000,10.1109/ISCTech60480.2023.00094,FALSE
55459419800,10.1109/ISCTech60480.2023.00094,FALSE
57211191900,10.1016/j.neunet.2024.106267,TRUE
58965055800,10.1016/j.neunet.2024.106267,FALSE
57203787545,10.1016/j.neunet.2024.106267,FALSE
58965186900,10.1016/j.neunet.2024.106267,FALSE
56596888100,10.1016/j.neunet.2024.106267,FALSE
57196350081,10.1109/ACCESS.2023.3349148,TRUE
58796189800,10.1109/ACCESS.2023.3349148,FALSE
58795926000,10.1109/ACCESS.2023.3349148,FALSE
58119465500,10.1109/JBHI.2023.3331975,TRUE
57222004311,10.1109/JBHI.2023.3331975,FALSE
57203393579,10.1109/JBHI.2023.3331975,FALSE
57219018358,10.1109/JBHI.2023.3331975,FALSE
57704670700,10.1109/JBHI.2023.3331975,FALSE
55706715900,10.1109/JBHI.2023.3331975,FALSE
58527423800,10.1016/j.bspc.2024.106040,TRUE
57222404591,10.1016/j.bspc.2024.106040,FALSE
57686265800,10.1016/j.bspc.2024.106040,FALSE
57203287412,10.1016/j.bspc.2024.106040,FALSE
56949448800,10.1016/j.bspc.2024.106040,FALSE
57686265900,10.1016/j.bspc.2024.106040,FALSE
57573736900,10.1016/j.bspc.2024.106040,FALSE
57204503451,10.1016/j.bspc.2024.106040,FALSE
58527538800,10.1016/j.bspc.2024.106040,FALSE
58459893100,10.1016/j.bspc.2024.106040,FALSE
8229112000,10.1016/j.bspc.2024.106040,FALSE
57211338943,10.1145/3588195.3592982,TRUE
55918177200,10.1145/3588195.3592982,FALSE
57195495911,10.1145/3588195.3592982,FALSE
57218827261,10.1145/3588195.3592982,FALSE
57219424073,10.1145/3588195.3592982,FALSE
57218605522,10.1145/3588195.3592982,FALSE
58672348700,10.2478/amns.2023.2.00862,TRUE
57215375468,10.1109/TPAMI.2024.3350049,TRUE
56176785900,10.1109/TPAMI.2024.3350049,FALSE
55703599800,10.1109/TPAMI.2024.3350049,FALSE
57195075538,10.1109/TPAMI.2024.3350049,FALSE
58812613900,10.1109/TPAMI.2024.3350049,FALSE
57283128400,10.1145/3637494.3637516,TRUE
57194048421,10.1145/3637494.3637516,FALSE
7201437359,10.1145/3637494.3637516,FALSE
57193245151,10.1109/TIFS.2024.3368892,TRUE
57188866050,10.1109/TIFS.2024.3368892,FALSE
56120073100,10.1109/TIFS.2024.3368892,FALSE
55222384900,10.1109/TIFS.2024.3368892,FALSE
58197330700,10.1109/TIFS.2024.3368892,FALSE
58908183800,10.1109/TIFS.2024.3368892,FALSE
58197330800,10.1109/TIFS.2024.3368892,FALSE
58197330900,10.1109/TIFS.2024.3368892,FALSE
58197636000,10.1109/TIFS.2024.3368892,FALSE
57420405400,10.1109/TIFS.2024.3368892,FALSE
57190835798,10.1109/TIFS.2024.3368892,FALSE
7101767185,10.1109/TIFS.2024.3368892,FALSE
57211088189,10.1145/3614008.3614044,TRUE
58725795700,10.1145/3614008.3614044,FALSE
58725987200,10.1145/3614008.3614044,FALSE
58726175000,10.1145/3614008.3614044,FALSE
58725795800,10.1145/3614008.3614044,FALSE
58725013200,10.1145/3614008.3614044,FALSE
57421349300,10.1145/3555041.3589400,TRUE
57568003600,10.1145/3555041.3589400,FALSE
58610595500,10.1109/TMM.2024.3371218,TRUE
58924881900,10.1109/TMM.2024.3371218,FALSE
57204049333,10.1109/TMM.2024.3371218,FALSE
55265130000,10.1109/TMM.2024.3371218,FALSE
15847120000,10.1109/TMM.2024.3371218,FALSE
22634069200,10.1109/TMM.2024.3371218,FALSE
58835671300,10.1021/acs.jcim.3c01455,TRUE
57192690475,10.1021/acs.jcim.3c01455,FALSE
58883000000,10.1021/acs.jcim.3c01455,FALSE
57216698286,10.1021/acs.jcim.3c01455,FALSE
7404666882,10.1021/acs.jcim.3c01455,FALSE
13608371900,10.1145/3603163.3609049,TRUE
57208321283,10.1016/j.procs.2023.11.007,TRUE
57485180600,10.1016/j.procs.2023.11.007,FALSE
58237382800,10.1016/j.procs.2023.11.007,FALSE
57224683355,10.1016/j.cpc.2023.108935,TRUE
55499243400,10.1016/j.cpc.2023.108935,FALSE
55349872400,10.1016/j.cpc.2023.108935,FALSE
57202222933,10.1016/j.cpc.2023.108935,FALSE
58536159300,10.2478/amns.2023.1.00473,TRUE
58535548600,10.2478/amns.2023.1.00473,FALSE
58904749000,10.1109/BIGCOM61073.2023.00024,TRUE
55838496800,10.1109/BIGCOM61073.2023.00024,FALSE
58904662100,10.1109/BIGCOM61073.2023.00024,FALSE
58904707800,10.1109/BIGCOM61073.2023.00024,FALSE
58833004000,10.1109/BIGCOM61073.2023.00024,FALSE
58450062300,10.1145/3589132.3625601,TRUE
57197127553,10.1145/3589132.3625601,FALSE
54407264800,10.1145/3589132.3625601,FALSE
9732488300,10.1145/3589132.3625601,FALSE
34874843900,10.1145/3589132.3625601,FALSE
57204158798,10.1002/widm.1525,TRUE
57756234500,10.1002/widm.1525,FALSE
58756328400,10.1002/widm.1525,FALSE
36611050300,10.1002/widm.1525,FALSE
57193415568,10.1002/widm.1525,FALSE
57976501300,10.1002/widm.1525,FALSE
56589224700,10.1002/widm.1525,FALSE
56164243300,10.1002/widm.1525,FALSE
16834549100,10.1002/widm.1525,FALSE
56784920600,10.1002/widm.1525,FALSE
57223379103,10.1145/3555041.3589402,TRUE
22733268800,10.1145/3555041.3589402,FALSE
22734937400,10.1145/3555041.3589402,FALSE
57223379103,10.1007/s00778-024-00846-z,TRUE
22733268800,10.1007/s00778-024-00846-z,FALSE
22734937400,10.1007/s00778-024-00846-z,FALSE
58876689200,10.1109/ICICIS58388.2023.10391183,TRUE
58876689300,10.1109/ICICIS58388.2023.10391183,FALSE
6602448188,10.1109/ICICIS58388.2023.10391183,FALSE
58876370900,10.1109/ICICIS58388.2023.10391183,FALSE
57188763806,10.1109/TIFS.2023.3280742,TRUE
55908650100,10.1109/TIFS.2023.3280742,FALSE
15061841400,10.1109/TIFS.2023.3280742,FALSE
16744366700,10.1109/TIFS.2023.3280742,FALSE
6701728917,10.1109/TIFS.2023.3280742,FALSE
57191993935,10.1186/s12859-024-05634-8,TRUE
8212222200,10.1186/s12859-024-05634-8,FALSE
57221445268,10.1186/s12859-024-05634-8,FALSE
10039795600,10.1186/s12859-024-05634-8,FALSE
23971743300,10.1186/s12859-024-05634-8,FALSE
35096497700,10.1145/3555041.3590816,TRUE
7801574849,10.1145/3555041.3590816,FALSE
58857109000,10.2478/amns.2023.2.01470,TRUE
57656692900,10.1016/j.eswa.2024.123388,TRUE
6506420706,10.1016/j.eswa.2024.123388,FALSE
6701648254,10.1016/j.eswa.2024.123388,FALSE
57197992156,10.1016/j.eswa.2024.123388,FALSE
57188759817,10.1016/j.eswa.2024.123388,FALSE
57956991300,10.1016/j.eswa.2024.123388,FALSE
57200603870,10.5194/isprs-archives-XLVIII-1-W1-2023-311-2023,TRUE
57233219000,10.1145/3631802.3631821,TRUE
57217078907,10.1145/3631802.3631821,FALSE
7201595023,10.1145/3631802.3631821,FALSE
6504773964,10.1145/3631802.3631821,FALSE
57233219000,10.1145/3545945.3569727,TRUE
57202507438,10.1145/3545945.3569727,FALSE
6504773964,10.1145/3545945.3569727,FALSE
56177484100,10.1109/SUMMA60232.2023.10349498,TRUE
58811676800,10.1109/SUMMA60232.2023.10349498,FALSE
57213872971,10.1109/SUMMA60232.2023.10349498,FALSE
56178153800,10.1109/SUMMA60232.2023.10349498,FALSE
6603592002,10.1109/SUMMA60232.2023.10349498,FALSE
58126667200,10.1109/BIOSIG58226.2023.10345997,TRUE
7004757895,10.1109/BIOSIG58226.2023.10345997,FALSE
36450747100,10.1145/3609956.3609968,TRUE
26867687500,10.1145/3609956.3609968,FALSE
55258509400,10.1145/3609956.3609968,FALSE
13805680200,10.1145/3609956.3609968,FALSE
16548747700,10.1145/3609956.3609968,FALSE
57565551400,10.1016/j.jbi.2024.104603,TRUE
52864048700,10.1016/j.jbi.2024.104603,FALSE
57215842056,10.1016/j.jbi.2024.104603,FALSE
8884922600,10.1016/j.jbi.2024.104603,FALSE
57217237117,10.1145/3592980.3595300,TRUE
57217238484,10.1145/3592980.3595300,FALSE
8856653600,10.1145/3592980.3595300,FALSE
18935722800,10.1145/3592980.3595300,FALSE
58881776900,10.1109/SSI58917.2023.10387755,TRUE
57039133600,10.1109/SSI58917.2023.10387755,FALSE
8337460200,10.1109/SSI58917.2023.10387755,FALSE
6701519542,10.1109/SSI58917.2023.10387755,FALSE
58942296400,10.1016/j.cmpb.2024.108117,TRUE
16946047100,10.1016/j.cmpb.2024.108117,FALSE
57883413500,10.1016/j.cmpb.2024.108117,FALSE
58942416100,10.1016/j.cmpb.2024.108117,FALSE
57221939879,10.1016/j.cmpb.2024.108117,FALSE
58942334000,10.1016/j.cmpb.2024.108117,FALSE
58942416200,10.1016/j.cmpb.2024.108117,FALSE
15922829700,10.1016/j.cmpb.2024.108117,FALSE
57218228755,10.1021/acs.jcim.3c00870,TRUE
56533110600,10.1021/acs.jcim.3c00870,FALSE
58481468100,10.3390/s24041259,TRUE
57392029600,10.3390/s24041259,FALSE
6507488880,10.3390/s24041259,FALSE
55533844800,10.1007/s11633-022-1402-8,TRUE
57190767864,10.1007/s11633-022-1402-8,FALSE
57211168174,10.1007/s11633-022-1402-8,FALSE
57201999721,10.1007/s11633-022-1402-8,FALSE
57218404238,10.1007/s11633-022-1402-8,FALSE
58114951000,10.5194/isprs-archives-XLVIII-4-W6-2022-261-2023,TRUE
57837738200,10.5194/isprs-archives-XLVIII-4-W6-2022-261-2023,FALSE
57220961632,10.5194/isprs-archives-XLVIII-4-W6-2022-261-2023,FALSE
57203496287,10.5194/isprs-archives-XLVIII-4-W6-2022-261-2023,FALSE
6504559462,10.5194/isprs-archives-XLVIII-4-W6-2022-261-2023,FALSE
57191833665,10.5194/isprs-archives-XLVIII-4-W6-2022-261-2023,FALSE
56003292400,10.1016/j.csbj.2024.01.013,TRUE
58889154600,10.1016/j.csbj.2024.01.013,FALSE
55805004000,10.1016/j.csbj.2024.01.013,FALSE
7101690072,10.1016/j.csbj.2024.01.013,FALSE
23984729900,10.1016/j.csbj.2024.01.013,FALSE
56309904900,10.1016/j.csbj.2024.01.013,FALSE
58824935000,10.3233/JIFS-231852,TRUE
37114593300,10.3233/JIFS-231852,FALSE
57733123500,10.1109/ACCESS.2024.3362247,TRUE
7410158219,10.1109/ACCESS.2024.3362247,FALSE
58882757300,10.1109/ACCESS.2024.3362247,FALSE
57225850005,10.1007/s11042-023-17013-1,TRUE
53877987000,10.26615/978-954-452-090-8_002,TRUE
57195842107,10.26615/978-954-452-090-8_002,FALSE
58727377500,10.1007/s00521-023-09296-0,TRUE
58145584000,10.1007/s00521-023-09296-0,FALSE
58102584200,10.1007/s00521-023-09296-0,FALSE
58725199400,10.1109/CANDARW60564.2023.00013,TRUE
24466312300,10.1109/CANDARW60564.2023.00013,FALSE
57561904100,10.1109/CIPAE60493.2023.00019,TRUE
57408665500,10.1145/3581641.3584067,TRUE
57462149300,10.1145/3581641.3584067,FALSE
58177193900,10.1145/3581641.3584067,FALSE
58177404000,10.1145/3581641.3584067,FALSE
57020216700,10.1145/3581641.3584067,FALSE
57193573228,10.1145/3581641.3584067,FALSE
7201894059,10.23919/SICE59929.2023.10354252,TRUE
57212005510,10.23919/SICE59929.2023.10354252,FALSE
7202158579,10.23919/SICE59929.2023.10354252,FALSE
7402006534,10.23919/SICE59929.2023.10354252,FALSE
57222163023,10.1016/j.conengprac.2024.105843,TRUE
55752352700,10.1016/j.conengprac.2024.105843,FALSE
57222357881,10.1016/j.conengprac.2024.105843,FALSE
25930409900,10.1016/j.conengprac.2024.105843,FALSE
35243896900,10.1016/j.conengprac.2024.105843,FALSE
23009700500,10.1002/sam.11673,TRUE
58959466400,10.1002/sam.11673,FALSE
22986241000,10.1002/sam.11673,FALSE
31767581800,10.1002/sam.11673,FALSE
57188752458,10.1145/3615890.3628537,TRUE
57372236700,10.1145/3615890.3628537,FALSE
35556471300,10.1145/3615890.3628537,FALSE
58862067000,10.1109/ACCESS.2024.3357689,TRUE
58862567100,10.1109/ACCESS.2024.3357689,FALSE
24463903600,10.1109/ACCESS.2024.3357689,FALSE
57191156064,10.1109/IISEC59749.2023.10391023,TRUE
58618232300,10.1109/IISEC59749.2023.10391023,FALSE
57965788900,10.1109/IISEC59749.2023.10391023,FALSE
57579239200,10.1109/ICRAMET60171.2023.10366632,TRUE
8340958400,10.1109/ICRAMET60171.2023.10366632,FALSE
58521563900,10.1109/ICRAMET60171.2023.10366632,FALSE
58127784300,10.1109/ICRAMET60171.2023.10366632,FALSE
57580070400,10.1109/ICRAMET60171.2023.10366632,FALSE
58069189600,10.1109/ICRAMET60171.2023.10366632,FALSE
57209258003,10.1109/ICRAMET60171.2023.10366632,FALSE
58564327400,10.1007/s10489-023-05172-5,TRUE
57817685500,10.1007/s10489-023-05172-5,FALSE
57196631113,10.1007/s10489-023-05172-5,FALSE
57222724520,10.1007/s10489-023-05172-5,FALSE
8714192600,10.1007/s10489-023-05172-5,FALSE
15127487100,10.1007/s10489-023-05172-5,FALSE
6602366061,10.1007/s10489-023-05172-5,FALSE
35772623600,10.1007/s10489-023-05172-5,FALSE
58767440400,10.1007/s10489-023-05172-5,FALSE
56678265900,10.1016/j.compgeo.2023.105934,TRUE
58705492000,10.1016/j.compgeo.2023.105934,FALSE
7201718150,10.1016/j.compgeo.2023.105934,FALSE
55191034700,10.1016/j.compgeo.2023.105934,FALSE
7003306513,10.1016/j.compgeo.2023.105934,FALSE
58736905100,10.1145/3615522.3615529,TRUE
53983313300,10.1145/3615522.3615529,FALSE
57268162100,10.1016/j.csi.2023.103801,TRUE
57267956000,10.1016/j.csi.2023.103801,FALSE
57213021063,10.1016/j.csi.2023.103801,FALSE
42961909600,10.1016/j.csi.2023.103801,FALSE
15048635400,10.1016/j.csi.2023.103801,FALSE
7103051196,10.1016/j.csi.2023.103801,FALSE
58638257100,10.1109/VizSec60606.2023.00011,TRUE
55369789000,10.1109/VizSec60606.2023.00011,FALSE
57219848979,10.1109/VizSec60606.2023.00011,FALSE
58911594200,10.1109/IEMENTech60402.2023.10423485,TRUE
58911596700,10.1109/IEMENTech60402.2023.10423485,FALSE
58911556000,10.1109/IEMENTech60402.2023.10423485,FALSE
58911604600,10.1109/IEMENTech60402.2023.10423485,FALSE
58595068600,10.1109/IEMENTech60402.2023.10423485,FALSE
55699394300,10.1109/IEMENTech60402.2023.10423485,FALSE
55935100600,10.1016/j.comtox.2024.100304,TRUE
57205255769,10.1016/j.comtox.2024.100304,FALSE
57191335413,10.1016/j.comtox.2024.100304,FALSE
58927575900,10.1016/j.comtox.2024.100304,FALSE
24071859600,10.1016/j.comtox.2024.100304,FALSE
58062829200,10.1145/3583133.3590662,TRUE
55837873400,10.1145/3583133.3590662,FALSE
57203917175,10.1145/3583133.3590662,FALSE
57853114900,10.1145/3583133.3590662,FALSE
56685669300,10.1145/3583133.3590662,FALSE
57212227554,10.1145/3583120.3586957,TRUE
16033426700,10.1145/3583120.3586957,FALSE
23135842600,10.1145/3583120.3586957,FALSE
36167487200,10.1145/3583120.3586957,FALSE
8619696100,10.1145/3583120.3586957,FALSE
7004708564,10.1145/3583120.3586957,FALSE
58535532000,10.1145/3576841.3589614,TRUE
6601985288,10.1145/3576841.3589614,FALSE
57993966700,10.1145/3576841.3589614,FALSE
24802635400,10.3390/s24031008,TRUE
6602217029,10.3390/s24031008,FALSE
7003439977,10.3390/s24031008,FALSE
6603094570,10.3390/s24031008,FALSE
42262495200,10.1145/3555041.3590817,TRUE
55699245700,10.1145/3555041.3590817,FALSE
58363420700,10.1109/NKCon59507.2023.10396396,TRUE
57214834841,10.1109/NKCon59507.2023.10396396,FALSE
57222156363,10.1109/NKCon59507.2023.10396396,FALSE
58886479700,10.1109/NKCon59507.2023.10396396,FALSE
58886802500,10.1109/NKCon59507.2023.10396396,FALSE
58886738600,10.1109/NKCon59507.2023.10396396,FALSE
58333678300,10.3233/JIFS-223030,TRUE
25928522000,10.3233/JIFS-223030,FALSE
57204207493,10.3233/JIFS-223030,FALSE
25928587900,10.3233/JIFS-223030,FALSE
57221085999,10.1109/ICTBIG59752.2023.10456144,TRUE
58966885800,10.1109/ICTBIG59752.2023.10456144,FALSE
57279381600,10.1109/ICTBIG59752.2023.10456144,FALSE
58595128700,10.1109/ICTBIG59752.2023.10456144,FALSE
57219710966,10.1109/BIOSIG58226.2023.10345977,TRUE
57203222831,10.1109/BIOSIG58226.2023.10345977,FALSE
34870479500,10.1109/BIOSIG58226.2023.10345977,FALSE
6602798791,10.1109/BIOSIG58226.2023.10345977,FALSE
7101767185,10.1109/BIOSIG58226.2023.10345977,FALSE
57219710966,10.1109/IJCB57857.2023.10448552,TRUE
57205438581,10.1109/IJCB57857.2023.10448552,FALSE
57217523515,10.1109/IJCB57857.2023.10448552,FALSE
58934119300,10.1109/IJCB57857.2023.10448552,FALSE
34870479500,10.1109/IJCB57857.2023.10448552,FALSE
50861109400,10.1109/IJCB57857.2023.10448552,FALSE
7101767185,10.1109/IJCB57857.2023.10448552,FALSE
57219710966,10.1109/TBIOM.2024.3377686,TRUE
57222488610,10.1109/TBIOM.2024.3377686,FALSE
57370565600,10.1109/TBIOM.2024.3377686,FALSE
34870479500,10.1109/TBIOM.2024.3377686,FALSE
16040687200,10.1109/TBIOM.2024.3377686,FALSE
58191930600,10.1109/TBIOM.2024.3377686,FALSE
7101767185,10.1109/TBIOM.2024.3377686,FALSE
55616653300,10.1016/j.procs.2023.12.042,TRUE
58265038500,10.1016/j.procs.2023.12.042,FALSE
58864752800,10.1016/j.procs.2023.12.042,FALSE
58864594800,10.1016/j.procs.2023.12.042,FALSE
58864835800,10.1016/j.procs.2023.12.042,FALSE
57940058800,10.1109/MNET.2024.3374080,TRUE
56024313400,10.1109/MNET.2024.3374080,FALSE
56984958900,10.1109/MNET.2024.3374080,FALSE
55707571100,10.1109/MNET.2024.3374080,FALSE
58904752500,10.1109/MNET.2024.3374080,FALSE
57794992300,10.3233/ATDE221245,TRUE
58132631900,10.3233/ATDE221245,FALSE
58132047700,10.3233/ATDE221245,FALSE
58132244900,10.3233/ATDE221245,FALSE
57216690755,10.1201/9781032684994-76,TRUE
58921368900,10.1201/9781032684994-76,FALSE
58769700800,10.1201/9781032684994-76,FALSE
58921457800,10.1201/9781032684994-76,FALSE
56913353900,10.1109/ICSSS58085.2023.10407074,TRUE
56940561300,10.1145/3572848.3577433,TRUE
56940000100,10.1145/3572848.3577433,FALSE
6701409064,10.1145/3572848.3577433,FALSE
58940259500,10.1109/ICDSAAI59313.2023.10452571,TRUE
57704622900,10.1109/ICDSAAI59313.2023.10452571,FALSE
58308224200,10.1109/ICDSAAI59313.2023.10452571,FALSE
57226597377,10.1145/3615887.3627753,TRUE
57971522300,10.1109/HPEC58863.2023.10363590,TRUE
57462567600,10.1007/s00521-024-09577-2,TRUE
57195553035,10.1007/s00521-024-09577-2,FALSE
57211998540,10.48786/edbt.2023.53,TRUE
23396672600,10.48786/edbt.2023.53,FALSE
23391752700,10.48786/edbt.2023.53,FALSE
26642953300,10.48786/edbt.2023.53,FALSE
57204152461,10.48786/edbt.2023.53,FALSE
57193828285,10.1109/PuneCon58714.2023.10450006,TRUE
58940186400,10.1109/PuneCon58714.2023.10450006,FALSE
57348012400,10.1109/PuneCon58714.2023.10450006,FALSE
58940080400,10.1109/PuneCon58714.2023.10450006,FALSE
57221483642,10.3390/s24051698,TRUE
12790420700,10.3390/s24051698,FALSE
23388633900,10.3390/s24051698,FALSE
7006367625,10.1145/3589462.3589488,TRUE
58139261400,,TRUE
58953213400,,FALSE
56365232000,10.1038/s41524-023-01193-3,TRUE
55939498000,10.1038/s41524-023-01193-3,FALSE
57208721102,10.1038/s41524-023-01193-3,FALSE
7006720133,10.1038/s41524-023-01193-3,FALSE
25825503500,10.4230/LIPIcs.ICDT.2023.12,TRUE
57215855429,10.4230/LIPIcs.ICDT.2023.12,FALSE
53264913500,10.4230/LIPIcs.ICDT.2023.12,FALSE
25825503500,10.4230/LIPIcs.ICDT.2023.3,TRUE
57215855429,10.4230/LIPIcs.ICDT.2023.3,FALSE
53264913500,10.4230/LIPIcs.ICDT.2023.3,FALSE
25825503500,10.4230/LIPIcs.ICDT.2023.19,TRUE
57215855429,10.4230/LIPIcs.ICDT.2023.19,FALSE
53264913500,10.4230/LIPIcs.ICDT.2023.19,FALSE
25825503500,10.4230/LIPIcs.ICDT.2023.20,TRUE
57215855429,10.4230/LIPIcs.ICDT.2023.20,FALSE
53264913500,10.4230/LIPIcs.ICDT.2023.20,FALSE
25825503500,10.4230/LIPIcs.ICDT.2023.10,TRUE
57215855429,10.4230/LIPIcs.ICDT.2023.10,FALSE
53264913500,10.4230/LIPIcs.ICDT.2023.10,FALSE
57217014351,10.1016/j.eswa.2023.122754,TRUE
24337639400,10.1016/j.eswa.2023.122754,FALSE
58651648000,10.1016/j.eswa.2023.122754,FALSE
7402612526,10.1016/j.eswa.2023.122754,FALSE
58539791700,10.1145/3614321.3614381,TRUE
58771087900,10.1145/3614321.3614381,FALSE
6504812746,10.1145/3614321.3614381,FALSE
57952802300,10.1016/j.engappai.2023.107500,TRUE
55778231400,10.1016/j.engappai.2023.107500,FALSE
54403917500,10.1016/j.engappai.2023.107500,FALSE
56495385700,10.1016/j.engappai.2023.107500,FALSE
7006898461,10.1016/j.engappai.2023.107500,FALSE
58950242600,,TRUE
58908935700,10.1109/COMNETSAT59769.2023.10420796,TRUE
57956362400,10.1109/COMNETSAT59769.2023.10420796,FALSE
57218681102,10.1007/s11042-024-18488-2,TRUE
57204241297,10.1007/s11042-024-18488-2,FALSE
55445000700,10.1007/s11042-024-18488-2,FALSE
50861161100,10.1007/s11042-024-18488-2,FALSE
58806484500,10.1016/j.bspc.2023.105899,TRUE
58806810500,10.1016/j.bspc.2023.105899,FALSE
18635093800,10.1016/j.calphad.2023.102658,TRUE
58179116100,10.1016/j.calphad.2023.102658,FALSE
7102985269,10.1016/j.calphad.2023.102658,FALSE
58911726000,10.1016/j.compbiomed.2024.108124,TRUE
57210924090,10.1016/j.compbiomed.2024.108124,FALSE
58911680400,10.1016/j.compbiomed.2024.108124,FALSE
22981802800,10.1016/j.compbiomed.2024.108124,FALSE
7005988072,10.1016/j.compbiomed.2024.108124,FALSE
35945445300,10.1016/j.compbiomed.2024.108124,FALSE
6603841869,10.1016/j.compbiomed.2024.108124,FALSE
57196024000,10.1109/ICOIACT59844.2023.10455894,TRUE
58939781300,10.1109/ICOIACT59844.2023.10455894,FALSE
58940207600,10.1109/ICOIACT59844.2023.10455894,FALSE
58940105500,10.1109/ICOIACT59844.2023.10455894,FALSE
58939671800,10.1109/ICOIACT59844.2023.10455894,FALSE
58924027200,10.1016/j.compbiomed.2024.108195,TRUE
58924027300,10.1016/j.compbiomed.2024.108195,FALSE
58923935000,10.1016/j.compbiomed.2024.108195,FALSE
57216689385,10.1016/j.compbiomed.2024.108195,FALSE
58808360400,10.1016/j.compbiomed.2024.108195,FALSE
55816450600,10.1016/j.compbiomed.2024.108195,FALSE
56150305600,10.1016/j.compbiomed.2024.108195,FALSE
6603944444,10.1016/j.compbiomed.2024.108195,FALSE
57218545987,10.1016/j.compbiomed.2024.108195,FALSE
57216941013,10.1016/j.compbiomed.2024.108195,FALSE
58509140000,10.1109/IW_MSS59200.2023.10368597,TRUE
23995978100,10.1109/IW_MSS59200.2023.10368597,FALSE
58411077300,10.1145/3592980.3595304,TRUE
57193844679,10.1145/3592980.3595304,FALSE
57131076000,10.1145/3592980.3595304,FALSE
6602853794,10.1145/3592980.3595304,FALSE
55927230000,10.1145/3592980.3595317,TRUE
57274970100,10.1145/3592980.3595317,FALSE
15049831100,10.1007/s00500-023-09418-9,TRUE
56429704200,10.1007/s00500-023-09418-9,FALSE
57216705603,10.1016/j.jfranklin.2024.106664,TRUE
10641460400,10.1016/j.jfranklin.2024.106664,FALSE
55369552500,10.1109/C358072.2023.10436245,TRUE
56005328600,10.1109/C358072.2023.10436245,FALSE
8845369100,10.1109/C358072.2023.10436245,FALSE
57383830200,10.1109/C358072.2023.10436245,FALSE
57382515500,10.1109/C358072.2023.10436245,FALSE
57219785715,10.1109/TIP.2023.3333217,TRUE
57210318214,10.1109/TIP.2023.3333217,FALSE
57221470031,10.1109/TIP.2023.3333217,FALSE
57216626229,10.1109/TIP.2023.3333217,FALSE
57215313194,10.1109/TIP.2023.3333217,FALSE
35614979700,10.1109/TIP.2023.3333217,FALSE
56984291600,10.1109/TIP.2023.3333217,FALSE
58675551700,10.2478/amns.2023.2.00315,TRUE
58676477100,10.2478/amns.2023.2.00315,FALSE
58549184000,10.1016/j.bspc.2024.106069,TRUE
56404208500,10.1016/j.bspc.2024.106069,FALSE
23986475800,10.1016/j.bspc.2024.106069,FALSE
57223906180,10.1007/s10851-024-01178-x,TRUE
35622616200,10.1007/s10851-024-01178-x,FALSE
8283963500,10.1007/s10851-024-01178-x,FALSE
57368306900,10.1145/3641819,TRUE
57192082427,10.1145/3641819,FALSE
23566675900,10.1145/3641819,FALSE
6602842479,10.1145/3641819,FALSE
57208666027,,TRUE
57207105626,10.1109/CINTI59972.2023.10381957,TRUE
58860174700,10.1109/CINTI59972.2023.10381957,FALSE
57218421665,10.1109/CINTI59972.2023.10381957,FALSE
55903781000,10.1109/CINTI59972.2023.10381957,FALSE
55635388900,10.1109/CINTI59972.2023.10381957,FALSE
58821605900,10.1109/GHTC56179.2023.10354568,TRUE
57219856368,10.1109/GHTC56179.2023.10354568,FALSE
57998559600,10.1109/GHTC56179.2023.10354568,FALSE
9235241800,10.1109/GHTC56179.2023.10354568,FALSE
57202133852,10.1109/TLT.2023.3273926,TRUE
55887138200,10.1109/TLT.2023.3273926,FALSE
8707999600,10.1109/TLT.2023.3273926,FALSE
57991684800,10.1109/ICEIC61013.2024.10457244,TRUE
57991603800,10.1109/ICEIC61013.2024.10457244,FALSE
58812123200,10.1109/ICEIC61013.2024.10457244,FALSE
58149062200,10.1109/ICEIC61013.2024.10457244,FALSE
57203772400,10.1109/ICEIC61013.2024.10457244,FALSE
55205036200,10.1109/ICEIC61013.2024.10457244,FALSE
7201615126,10.1109/ICEIC61013.2024.10457244,FALSE
55341558800,10.1109/ICSIMA59853.2023.10373533,TRUE
57698193600,10.1109/ICSIMA59853.2023.10373533,FALSE
14632337000,10.1109/ICSIMA59853.2023.10373533,FALSE
57348318400,10.1109/OCIT59427.2023.10430516,TRUE
57162024700,10.1109/OCIT59427.2023.10430516,FALSE
57199924854,10.1109/OCIT59427.2023.10430516,FALSE
24759577300,10.1109/OCIT59427.2023.10430516,FALSE
57201682570,10.1109/ACCESS.2024.3381032,TRUE
57694474000,10.1109/ACCESS.2024.3381032,FALSE
53264599300,10.1109/ACCESS.2024.3381032,FALSE
36069151100,10.1109/ACCESS.2024.3381032,FALSE
58835697900,10.1109/ICoSNIKOM60230.2023.10364398,TRUE
58833237000,10.1109/ICoSNIKOM60230.2023.10364398,FALSE
58123891000,10.1109/ICoSNIKOM60230.2023.10364398,FALSE
58835272400,10.1109/ICoSNIKOM60230.2023.10364398,FALSE
55625223000,10.1109/ICoSNIKOM60230.2023.10364398,FALSE
58812953300,10.1016/j.cviu.2024.103927,TRUE
6506881971,10.1016/j.cviu.2024.103927,FALSE
12344714100,10.1016/j.cviu.2024.103927,FALSE
56013673200,10.1016/j.cviu.2024.103927,FALSE
57218555974,10.1109/TIFS.2023.3324326,TRUE
55725641500,10.1109/TIFS.2023.3324326,FALSE
56439607100,10.1109/TIFS.2023.3324326,FALSE
57222103624,10.1109/TIFS.2023.3324326,FALSE
57742863400,10.1109/JBHI.2024.3352513,TRUE
57194474188,10.1109/JBHI.2024.3352513,FALSE
57764011600,10.1109/JBHI.2024.3352513,FALSE
57208130687,10.1109/JBHI.2024.3352513,FALSE
58038414500,10.1109/JBHI.2024.3352513,FALSE
7003762347,10.1109/JBHI.2024.3352513,FALSE
6507045792,10.1109/JBHI.2024.3352513,FALSE
55211200500,10.1109/JBHI.2024.3352513,FALSE
16549854100,10.1109/JBHI.2024.3352513,FALSE
57206481568,10.1007/s10115-023-01948-w,TRUE
35368074500,10.1007/s10115-023-01948-w,FALSE
9633620200,10.1007/s11042-023-17997-w,TRUE
57208225853,10.1007/s11042-023-17997-w,FALSE
58835679000,10.1109/CISCT57197.2023.10351356,TRUE
57683039300,10.1109/CISCT57197.2023.10351356,FALSE
57225208191,10.1109/ACCESS.2023.3345452,TRUE
26434040000,10.1109/ACCESS.2023.3345452,FALSE
55605251600,10.1109/ACCESS.2023.3345452,FALSE
24476050500,10.1109/ACCESS.2023.3345452,FALSE
50861109400,10.1109/ACCESS.2023.3345452,FALSE
55664171900,10.1109/ACCESS.2023.3345452,FALSE
24492106800,10.1109/ACCESS.2023.3345452,FALSE
57208230227,10.1145/3597926.3598116,TRUE
55624942700,10.1145/3597926.3598116,FALSE
57208128783,10.1145/3597926.3598116,FALSE
58532733000,10.1145/3597926.3598116,FALSE
58532733100,10.1145/3597926.3598116,FALSE
57215304052,10.1145/3597926.3598116,FALSE
57193434099,10.1145/3597926.3598116,FALSE
57202860764,10.1145/3597926.3598116,FALSE
57188868266,10.1109/TMM.2023.3301276,TRUE
55579783400,10.1109/TMM.2023.3301276,FALSE
57194236254,10.1109/TMM.2023.3301276,FALSE
57194238394,10.1109/TMM.2023.3301276,FALSE
17436184700,10.1109/TMM.2023.3301276,FALSE
55723822100,10.1109/TMM.2023.3301276,FALSE
55581726800,10.1109/TMM.2023.3301276,FALSE
56075029000,10.1109/TMM.2023.3301276,FALSE
7003734036,10.1109/TMM.2023.3301276,FALSE
58583813100,10.1145/3580305.3599405,TRUE
58582491400,10.1145/3580305.3599405,FALSE
13610279900,10.1145/3580305.3599405,FALSE
58539782300,10.1145/3594315.3594407,TRUE
57202213433,10.1145/3594315.3594407,FALSE
57206942272,10.1145/3594315.3594407,FALSE
58920439600,10.1109/ICICyTA60173.2023.10428947,TRUE
37003180700,10.1109/ICICyTA60173.2023.10428947,FALSE
56524631900,10.1109/ICICyTA60173.2023.10428947,FALSE
58921588600,10.1080/09540091.2024.2323059,TRUE
58921494700,10.1080/09540091.2024.2323059,FALSE
57204777920,10.1080/09540091.2024.2323059,FALSE
57541422600,10.1016/j.knosys.2024.111449,TRUE
56286301200,10.1016/j.knosys.2024.111449,FALSE
55712534300,10.1016/j.knosys.2024.111449,FALSE
57193280443,10.1016/j.knosys.2024.111449,FALSE
57194197538,10.1016/j.knosys.2024.111449,FALSE
36782771600,10.1016/j.knosys.2024.111449,FALSE
23389170100,10.1016/j.knosys.2024.111449,FALSE
57210186210,10.1109/TPAMI.2023.3334760,TRUE
56013451000,10.1109/TPAMI.2023.3334760,FALSE
56066018400,10.1109/TPAMI.2023.3334760,FALSE
55622054000,10.1109/TPAMI.2023.3334760,FALSE
57195996978,10.1109/TPAMI.2023.3334760,FALSE
57224899731,10.1109/TPAMI.2023.3334760,FALSE
58237375400,10.2478/amns.2023.1.00093,TRUE
58237866100,10.2478/amns.2023.1.00093,FALSE
58237866200,10.2478/amns.2023.1.00093,FALSE
58238103200,10.2478/amns.2023.1.00093,FALSE
56139100900,10.1007/s00530-023-01240-5,TRUE
58174748200,10.1007/s00530-023-01240-5,FALSE
57655055300,10.1007/s00530-023-01240-5,FALSE
8384527000,10.1007/s00530-023-01240-5,FALSE
35107581800,10.1007/s00530-023-01240-5,FALSE
54974129600,10.1145/3592307.3592330,TRUE
24823949600,10.1145/3592307.3592330,FALSE
55899212500,10.1145/3592307.3592330,FALSE
58775862500,10.1145/3616712.3616791,TRUE
56180337500,10.1145/3616712.3616791,FALSE
56820195200,10.1145/3616712.3616791,FALSE
35264335800,10.1145/3616712.3616791,FALSE
57204180035,10.1109/ACIIS59385.2023.10367332,TRUE
7005065755,10.1109/ACIIS59385.2023.10367332,FALSE
57212779493,10.1109/ACIIS59385.2023.10367332,FALSE
57460101500,10.1016/j.micpro.2023.104987,TRUE
57201297173,10.1016/j.micpro.2023.104987,FALSE
54391653200,10.1016/j.micpro.2023.104987,FALSE
35609452100,10.1016/j.micpro.2023.104987,FALSE
55102730300,10.1016/j.compgeo.2024.106135,TRUE
9632939900,10.1016/j.compgeo.2024.106135,FALSE
58872734500,10.1016/j.compgeo.2024.106135,FALSE
7003306513,10.1016/j.compgeo.2024.106135,FALSE
24463025700,10.1016/j.compgeo.2024.106135,FALSE
57202507438,10.1145/3544549.3585794,TRUE
57202507438,10.1016/j.cogsys.2024.101216,TRUE
58684233600,10.2478/amns.2023.2.01066,TRUE
57207566447,10.1145/3603165.3607435,TRUE
57900656600,10.1016/j.compbiomed.2024.108201,TRUE
58911380400,10.1016/j.compbiomed.2024.108201,FALSE
57901259500,10.1016/j.compbiomed.2024.108201,FALSE
58911380500,10.1016/j.compbiomed.2024.108201,FALSE
58911426400,10.1016/j.compbiomed.2024.108201,FALSE
57900446500,10.1016/j.compbiomed.2024.108201,FALSE
58911380600,10.1016/j.compbiomed.2024.108201,FALSE
57730653200,10.1016/j.compbiomed.2024.108201,FALSE
57191971731,10.1016/j.compbiomed.2024.108201,FALSE
58911380700,10.1016/j.compbiomed.2024.108201,FALSE
58847866500,10.2478/amns.2023.2.01665,TRUE
58817937200,10.1109/ICEDCS60513.2023.00059,TRUE
58844098100,10.1109/ICEDCS60513.2023.00059,FALSE
58577463500,10.1109/ICEDCS60513.2023.00059,FALSE
58817885100,10.1109/ICEDCS60513.2023.00059,FALSE
55978293700,10.1109/SIPAIM56729.2023.10373523,TRUE
58850874800,10.1109/SIPAIM56729.2023.10373523,FALSE
58850399700,10.1109/SIPAIM56729.2023.10373523,FALSE
57417410500,10.1109/SIPAIM56729.2023.10373523,FALSE
58850477900,10.1109/SIPAIM56729.2023.10373523,FALSE
35177461200,10.1109/SIPAIM56729.2023.10373523,FALSE
56730051700,10.1109/SIPAIM56729.2023.10373523,FALSE
35410216600,10.1109/SIPAIM56729.2023.10373523,FALSE
57202434996,10.1021/acs.jcim.3c01810,TRUE
58943571700,10.1021/acs.jcim.3c01810,FALSE
58183110500,10.1021/acs.jcim.3c01810,FALSE
58943571800,10.1021/acs.jcim.3c01810,FALSE
56388458400,10.1021/acs.jcim.3c01810,FALSE
57193428193,10.1021/acs.jcim.3c01810,FALSE
7003480498,10.1021/acs.jcim.3c01810,FALSE
7101759672,10.1021/acs.jcim.3c01810,FALSE
57216935011,10.1145/3609987.3609994,TRUE
6701525223,10.1145/3609987.3609994,FALSE
6603741790,10.1145/3609987.3609994,FALSE
55221807000,10.1007/s41315-023-00310-1,TRUE
57924249300,10.1007/s41315-023-00310-1,FALSE
58804793400,10.1007/s41315-023-00310-1,FALSE
57200742813,10.1007/s41315-023-00310-1,FALSE
56687717800,10.1007/s41315-023-00310-1,FALSE
57219526654,10.1007/s41315-023-00310-1,FALSE
55967409900,10.1007/s41315-023-00310-1,FALSE
57982564300,10.1007/s41315-023-00310-1,FALSE
57211605736,10.1007/s41315-023-00310-1,FALSE
57420192100,10.1007/s41315-023-00310-1,FALSE
57853026700,10.1007/s41315-023-00310-1,FALSE
58921363600,10.1109/ICACIC59454.2023.10435349,TRUE
58313242400,10.1109/ICACIC59454.2023.10435349,FALSE
55190726200,10.1109/ICACIC59454.2023.10435349,FALSE
57956323500,10.1016/j.procs.2023.11.108,TRUE
57645701400,10.1109/CISCT57197.2023.10351417,TRUE
57713256400,10.1109/CISCT57197.2023.10351417,FALSE
55252582600,10.1016/j.compgeo.2023.105967,TRUE
55098049500,10.1016/j.compgeo.2023.105967,FALSE
58753593100,10.1016/j.compgeo.2023.105967,FALSE
6701782625,10.1016/j.compgeo.2023.105967,FALSE
57552833600,10.1109/LA-CCI58595.2023.10409408,TRUE
57211919598,10.1109/LA-CCI58595.2023.10409408,FALSE
57193746428,10.1109/LA-CCI58595.2023.10409408,FALSE
57219553707,10.1109/ACCESS.2024.3349487,TRUE
55496671400,10.1109/ACCESS.2024.3349487,FALSE
35976902500,10.1109/ACCESS.2024.3349487,FALSE
7003625335,10.1109/ACCESS.2024.3349487,FALSE
55819860600,10.1109/ACCESS.2024.3349487,FALSE
57208735683,10.5194/isprs-archives-XLVIII-1-W1-2023-511-2023,TRUE
56542979000,10.5194/isprs-archives-XLVIII-1-W1-2023-511-2023,FALSE
57007874900,10.1016/j.ascom.2024.100791,TRUE
58872769300,10.1016/j.ascom.2024.100791,FALSE
58872581000,10.1016/j.ascom.2024.100791,FALSE
57226721646,10.1016/j.eswa.2023.121489,TRUE
57203865437,10.1016/j.eswa.2023.121489,FALSE
55195057700,10.1016/j.eswa.2023.121489,FALSE
35147075900,10.1016/j.eswa.2023.121489,FALSE
57195305974,10.1016/j.jvcir.2023.104033,TRUE
54928181200,10.1016/j.jvcir.2023.104033,FALSE
23020576900,10.1016/j.jvcir.2023.104033,FALSE
57209412512,10.1016/j.jvcir.2023.104033,FALSE
31767548100,10.1016/j.jvcir.2023.104033,FALSE
57195807681,10.1016/j.jvcir.2023.104033,FALSE
57220189075,10.1016/j.jvcir.2023.104033,FALSE
23466900300,10.1016/j.jvcir.2023.104033,FALSE
57201405085,10.48786/edbt.2023.48,TRUE
56272656400,10.48786/edbt.2023.48,FALSE
56353512400,10.48786/edbt.2023.48,FALSE
6701415938,10.48786/edbt.2023.48,FALSE
57201405085,10.1145/3584372.3588672,TRUE
56272656400,10.1145/3584372.3588672,FALSE
6701415938,10.1145/3584372.3588672,FALSE
57917949700,10.1108/JMTM-03-2023-0114,TRUE
57918140800,10.1108/JMTM-03-2023-0114,FALSE
58698801700,10.1108/JMTM-03-2023-0114,FALSE
57426113900,10.1016/j.cad.2023.103630,TRUE
56202305300,10.1016/j.cad.2023.103630,FALSE
7004151106,10.1016/j.cad.2023.103630,FALSE
58872679100,10.1145/3634848.3634859,TRUE
58872862600,10.1145/3634848.3634859,FALSE
58872739100,10.1145/3634848.3634859,FALSE
57206206494,10.1145/3634848.3634859,FALSE
58577738900,10.1145/3634848.3634859,FALSE
57195264500,10.1145/3634848.3634859,FALSE
57192938047,10.1007/s10115-023-02009-y,TRUE
57427212100,10.1007/s10115-023-02009-y,FALSE
7003391555,10.1007/s10115-023-02009-y,FALSE
58700333000,10.1007/s10115-023-02009-y,FALSE
56005257200,10.1007/s10115-023-02009-y,FALSE
57216410031,10.1016/j.specom.2023.103008,TRUE
7401957018,10.1016/j.specom.2023.103008,FALSE
56781227300,10.1016/j.specom.2023.103008,FALSE
58256620500,10.1016/j.specom.2023.103008,FALSE
58945365900,10.1117/12.2683433,TRUE
58945366000,10.1117/12.2683433,FALSE
58944856100,10.1117/12.2683433,FALSE
58945533600,10.1117/12.2683433,FALSE
7405915848,10.1109/ICNGN59831.2023.10396786,TRUE
58886493100,10.1109/ICNGN59831.2023.10396786,FALSE
58886882600,10.1109/ICNGN59831.2023.10396786,FALSE
57357587900,10.1145/3594441.3594448,TRUE
58562877900,10.1145/3594441.3594448,FALSE
58562240600,10.1145/3594441.3594448,FALSE
58339054000,10.1145/3583788.3583819,TRUE
58339054100,10.1145/3583788.3583819,FALSE
56192158900,10.1145/3583788.3583819,FALSE
56434837400,10.1145/3583788.3583819,FALSE
9232733100,10.1145/3583788.3583819,FALSE
57817720300,10.1145/3615833.3628590,TRUE
56683300200,10.1145/3615833.3628590,FALSE
57190389317,10.1145/3615833.3628590,FALSE
57219767826,10.1145/3584372.3588680,TRUE
6602515392,10.1145/3584372.3588680,FALSE
57008490800,10.1016/j.bspc.2023.105791,TRUE
58544283600,10.1016/j.bspc.2023.105791,FALSE
58753502300,10.1016/j.bspc.2023.105791,FALSE
55986412500,10.1016/j.bspc.2023.105791,FALSE
56153214300,10.1016/j.bspc.2023.105791,FALSE
58904710300,10.1109/ICAICA58456.2023.10405528,TRUE
58904621100,10.1109/ICAICA58456.2023.10405528,FALSE
58904621200,10.1109/ICAICA58456.2023.10405528,FALSE
58904710400,10.1109/ICAICA58456.2023.10405528,FALSE
58904581400,10.1109/ICAICA58456.2023.10405528,FALSE
58904621300,10.1109/ICAICA58456.2023.10405528,FALSE
26647940900,10.1109/TII.2023.3324940,TRUE
57296186600,10.1109/TII.2023.3324940,FALSE
55795726400,10.1109/TII.2023.3324940,FALSE
55718418200,10.1145/3576840.3578281,TRUE
58868310500,10.1109/TKDE.2024.3359710,TRUE
58038844900,10.1109/TKDE.2024.3359710,FALSE
36572773000,10.1109/TKDE.2024.3359710,FALSE
58868103200,10.1109/TKDE.2024.3359710,FALSE
58868513200,10.1109/TKDE.2024.3359710,FALSE
57222329683,10.1109/TKDE.2024.3359710,FALSE
58251252100,10.1109/TKDE.2024.3359710,FALSE
58303631300,10.1109/TCSS.2024.3355113,TRUE
57200746122,10.1109/TCSS.2024.3355113,FALSE
58849679900,10.1109/TCSS.2024.3355113,FALSE
58778848900,10.4230/LIPIcs.ICDT.2024.23,TRUE
57263716600,10.4230/LIPIcs.ICDT.2024.23,FALSE
58679216900,10.1016/j.cageo.2023.105479,TRUE
58679094300,10.1016/j.cageo.2023.105479,FALSE
55822747800,10.1016/j.cageo.2023.105479,FALSE
36757541700,10.1016/j.cageo.2023.105479,FALSE
58679217100,10.1016/j.cageo.2023.105479,FALSE
23029267900,10.1016/j.cageo.2023.105479,FALSE
57904750300,10.1007/s11042-023-15393-y,TRUE
24824834500,10.1007/s11042-023-15393-y,FALSE
7401806588,10.1007/s11042-023-15393-y,FALSE
35212423100,10.1007/s11042-023-15393-y,FALSE
55696014000,10.1007/s11042-023-15393-y,FALSE
57203393579,10.1016/j.compbiomed.2024.108072,TRUE
57222004311,10.1016/j.compbiomed.2024.108072,FALSE
58119465500,10.1016/j.compbiomed.2024.108072,FALSE
57217122619,10.1016/j.compbiomed.2024.108072,FALSE
55706715900,10.1016/j.compbiomed.2024.108072,FALSE
57767169900,10.48786/edbt.2023.42,TRUE
24559372400,10.48786/edbt.2023.42,FALSE
58288560600,10.1145/3552326.3567494,TRUE
12144232100,10.1145/3552326.3567494,FALSE
55417848300,10.1145/3552326.3567494,FALSE
58786897900,10.1016/j.eswa.2023.122841,TRUE
8634182000,10.1016/j.eswa.2023.122841,FALSE
57946178200,10.1016/j.eswa.2023.122841,FALSE
57211504233,10.1016/j.eswa.2023.122841,FALSE
56482524700,10.1016/j.eswa.2023.122841,FALSE
58519288300,10.1016/j.eswa.2023.122841,FALSE
57222376391,10.1016/j.eswa.2023.122841,FALSE
57946022500,10.1016/j.eswa.2023.122841,FALSE
58188792800,10.22489/CinC.2023.164,TRUE
57203001033,10.22489/CinC.2023.164,FALSE
57214755588,10.22489/CinC.2023.164,FALSE
57203486567,10.22489/CinC.2023.164,FALSE
55971506700,10.22489/CinC.2023.164,FALSE
55680778400,10.22489/CinC.2023.164,FALSE
57218844070,10.1109/TIT.2023.3344717,TRUE
7003375238,10.1109/TIT.2023.3344717,FALSE
57225201724,10.1109/JIOT.2024.3358349,TRUE
8550603900,10.1109/JIOT.2024.3358349,FALSE
57696962200,10.1109/JIOT.2024.3358349,FALSE
57207880544,10.1109/JIOT.2024.3358349,FALSE
58017238000,10.1109/JIOT.2024.3358349,FALSE
57205654717,10.1007/s10489-023-05231-x,TRUE
57201801048,10.1007/s10489-023-05231-x,FALSE
56008117600,10.1007/s10489-023-05231-x,FALSE
57484916500,10.1109/TSG.2023.3276390,TRUE
55103480700,10.1109/TSG.2023.3276390,FALSE
56562426700,10.1109/TSG.2023.3276390,FALSE
35111277800,10.1109/TSG.2023.3276390,FALSE
55851922500,10.1109/TSG.2023.3276390,FALSE
56736147300,10.1109/ICEBE59045.2023.00043,TRUE
35572931500,10.1109/ICEBE59045.2023.00043,FALSE
57201552579,10.1016/j.aei.2023.102293,TRUE
57210261874,10.1016/j.aei.2023.102293,FALSE
6603845144,10.1016/j.aei.2023.102293,FALSE
57211425371,10.1016/j.jmgm.2023.108669,TRUE
55885818400,10.1016/j.jmgm.2023.108669,FALSE
58798359000,10.1016/j.jmgm.2023.108669,FALSE
58773671400,10.1016/j.jmgm.2023.108669,FALSE
9335288900,10.1016/j.jmgm.2023.108669,FALSE
7201738350,10.1016/j.jmgm.2023.108669,FALSE
57193576827,10.1145/3555041.3589404,TRUE
22234205300,10.1145/3555041.3589404,FALSE
57238778900,10.1145/3555041.3589404,FALSE
57226847008,10.1145/3555041.3589404,FALSE
8395934400,10.1145/3555041.3589404,FALSE
57462233000,10.1145/3555041.3589404,FALSE
16230823200,10.1145/3555041.3589404,FALSE
58590934900,10.1109/ICEDCS60513.2023.00105,TRUE
58817889500,10.1109/ICEDCS60513.2023.00105,FALSE
58591381700,10.1109/ICEDCS60513.2023.00105,FALSE
58591827300,10.1109/ICEDCS60513.2023.00105,FALSE
57205393111,10.1109/ICEDCS60513.2023.00105,FALSE
57221332078,10.1109/JBHI.2024.3368049,TRUE
36634803600,10.1109/JBHI.2024.3368049,FALSE
57431346100,10.1109/JBHI.2024.3368049,FALSE
55500160900,10.1109/JBHI.2024.3368049,FALSE
36156965100,10.1109/JBHI.2024.3368049,FALSE
7403437153,10.1109/JBHI.2024.3368049,FALSE
58391304700,10.1109/JBHI.2024.3368049,FALSE
57219696064,10.1016/j.compgeo.2023.105933,TRUE
57322958900,10.1016/j.compgeo.2023.105933,FALSE
56425148200,10.1016/j.compgeo.2023.105933,FALSE
57212561878,10.1016/j.compgeo.2023.105933,FALSE
57210899175,10.1016/j.compgeo.2023.105933,FALSE
57191283238,10.1016/j.compgeo.2023.105933,FALSE
57189242944,10.1007/s11128-024-04288-y,TRUE
58909536400,10.1007/s11128-024-04288-y,FALSE
58814446900,10.1108/IR-11-2023-0284,TRUE
57218590257,10.1108/IR-11-2023-0284,FALSE
58814447000,10.1108/IR-11-2023-0284,FALSE
55513929900,10.1108/IR-11-2023-0284,FALSE
57214357856,10.1108/IR-11-2023-0284,FALSE
57219789172,10.1109/TKDE.2024.3363009,TRUE
57211142666,10.1109/TKDE.2024.3363009,FALSE
57189247191,10.1016/j.patcog.2023.110240,TRUE
57219642149,10.1016/j.patcog.2023.110240,FALSE
58745967200,10.1016/j.patcog.2023.110240,FALSE
7401704647,10.1016/j.patcog.2023.110240,FALSE
36110112600,10.1016/j.patcog.2023.110240,FALSE
56763135600,10.1016/j.patcog.2023.110240,FALSE
58919853000,10.1109/BigDIA60676.2023.10429609,TRUE
58918740400,10.1109/BigDIA60676.2023.10429609,FALSE
57761347700,10.1109/BigDIA60676.2023.10429609,FALSE
55534233300,10.1109/BigDIA60676.2023.10429609,FALSE
36449520300,10.1016/j.bspc.2023.105750,TRUE
57842457500,10.1016/j.bspc.2023.105750,FALSE
56603389700,10.1016/j.bspc.2023.105750,FALSE
57209332468,10.1016/j.bspc.2023.105750,FALSE
50562422100,10.1016/j.bspc.2023.105750,FALSE
57196154912,10.1016/j.bspc.2023.105750,FALSE
56471146800,10.1016/j.bspc.2023.105750,FALSE
35115326500,10.1016/j.bspc.2023.105750,FALSE
56707940700,10.1016/j.ins.2024.120272,TRUE
36482627500,10.1016/j.ins.2024.120272,FALSE
58865334700,10.1016/j.ins.2024.120272,FALSE
57224980204,10.1016/j.ins.2024.120272,FALSE
8061868700,10.1016/j.ins.2024.120272,FALSE
8247132000,10.1016/j.ins.2024.120272,FALSE
58753875400,10.1016/j.bspc.2023.105799,TRUE
57226370691,10.1016/j.bspc.2023.105799,FALSE
57221580640,10.1016/j.bspc.2023.105799,FALSE
57219850138,10.1016/j.bspc.2023.105799,FALSE
36475885000,10.1016/j.bspc.2023.105799,FALSE
58107348300,10.1016/j.bspc.2023.105799,FALSE
58119239700,10.1016/j.bspc.2023.105799,FALSE
58153381100,10.3390/s24010008,TRUE
55440346200,10.3390/s24010008,FALSE
35772439500,10.3390/s24010008,FALSE
13404674100,10.3390/s24010008,FALSE
57361635800,10.1109/CIPAE60493.2023.00053,TRUE
57192588824,10.1016/j.displa.2023.102585,TRUE
58751080200,10.1016/j.displa.2023.102585,FALSE
56039225700,10.1016/j.displa.2023.102585,FALSE
58751224600,10.1016/j.displa.2023.102585,FALSE
57713631900,10.1016/j.displa.2023.102585,FALSE
57210020258,10.1016/j.bspc.2023.105502,TRUE
57780257100,10.1016/j.bspc.2023.105502,FALSE
58631280800,10.1016/j.bspc.2023.105502,FALSE
57210021493,10.1016/j.bspc.2023.105502,FALSE
55717098300,10.1016/j.bspc.2023.105502,FALSE
58631280900,10.1016/j.bspc.2023.105502,FALSE
57216226904,10.1016/j.bspc.2023.105502,FALSE
57208301201,10.1016/j.bspc.2023.105502,FALSE
57216223382,10.1016/j.bspc.2023.105502,FALSE
57221248639,10.1186/s40537-023-00857-7,TRUE
57201904688,10.1186/s40537-023-00857-7,FALSE
7005293297,10.1186/s40537-023-00857-7,FALSE
43061445600,10.1186/s40537-023-00857-7,FALSE
6603033335,10.1186/s40537-023-00857-7,FALSE
58288332600,10.1145/3552326.3587434,TRUE
58288654900,10.1145/3552326.3587434,FALSE
57219253258,10.1145/3552326.3587434,FALSE
7101653846,10.1145/3552326.3587434,FALSE
8859945700,10.1145/3552326.3587434,FALSE
55217519300,10.1145/3639390.3639393,TRUE
58896666100,10.1145/3639390.3639393,FALSE
57201647237,10.1145/3639390.3639393,FALSE
58669010800,,TRUE
57222420578,,FALSE
57970372300,,FALSE
58668984300,,FALSE
55538865600,,FALSE
58045006000,10.1109/TSC.2024.3356728,TRUE
58752093300,10.1109/TSC.2024.3356728,FALSE
58564813600,10.1109/TSC.2024.3356728,FALSE
7401797223,10.1109/TSC.2024.3356728,FALSE
7402432020,10.1109/TSC.2024.3356728,FALSE
56528635300,10.1109/TSC.2024.3356728,FALSE
58044961200,10.1109/TSC.2024.3356728,FALSE
57213786110,10.1177/17298806241229270,TRUE
58732653200,10.1177/17298806241229270,FALSE
58365361900,10.1177/17298806241229270,FALSE
57283703900,10.1177/17298806241229270,FALSE
57283927600,10.1177/17298806241229270,FALSE
57832493300,10.1177/17298806241229270,FALSE
57923337300,10.1177/17298806241229270,FALSE
58921409200,10.1177/17298806241229270,FALSE
57221201548,10.1177/17298806241229270,FALSE
58863119200,10.1109/THMS.2024.3351138,TRUE
57418073200,10.1109/THMS.2024.3351138,FALSE
58847586800,10.14733/cadaps.2024.S17.132-143,TRUE
58847511300,10.14733/cadaps.2024.S17.132-143,FALSE
58847731900,10.14733/cadaps.2024.S17.132-143,FALSE
58847951800,10.14733/cadaps.2024.S17.132-143,FALSE
58847656200,10.14733/cadaps.2024.S17.132-143,FALSE
58234727500,10.1016/j.eswa.2023.121324,TRUE
57657111900,10.1016/j.eswa.2023.121324,FALSE
56402839600,10.1016/j.eswa.2023.121324,FALSE
58796544700,10.1109/ACCESS.2023.3346997,TRUE
8417025100,10.1109/ACCESS.2023.3346997,FALSE
57214072491,10.1109/ACCESS.2023.3346997,FALSE
58873261700,10.1109/ACCESS.2023.3346997,FALSE
58794034600,10.1007/s12530-023-09562-5,TRUE
8329863300,10.1007/s12530-023-09562-5,FALSE
58793334300,10.1145/3627341.3630376,TRUE
57219243689,10.1145/3627341.3630376,FALSE
58793304700,10.1145/3627341.3630376,FALSE
58793161400,10.1145/3627341.3630376,FALSE
57207944403,10.1145/3539618.3591637,TRUE
56308141500,10.1145/3539618.3591637,FALSE
56146379100,10.1145/3539618.3591637,FALSE
57821375200,10.1145/3539618.3591637,FALSE
58547603000,10.1145/3539618.3591637,FALSE
57815195100,10.1145/3613917.3613923,TRUE
57814815900,10.1145/3613917.3613923,FALSE
57815008200,10.1145/3613917.3613923,FALSE
57550822600,10.1145/3613917.3613923,FALSE
57201587273,10.1145/3613917.3613923,FALSE
55500178900,10.1145/3613917.3613923,FALSE
57218476016,10.48786/edbt.2023.52,TRUE
57216647226,10.48786/edbt.2023.52,FALSE
23135482100,10.48786/edbt.2023.52,FALSE
57752346600,10.1016/j.egyai.2023.100331,TRUE
55699386400,10.1016/j.egyai.2023.100331,FALSE
6508309587,10.1016/j.egyai.2023.100331,FALSE
55210018400,10.1016/j.egyai.2023.100331,FALSE
57208737479,10.5194/isprs-archives-XLVIII-M-2-2023-1665-2023,TRUE
57192116922,10.5194/isprs-archives-XLVIII-M-2-2023-1665-2023,FALSE
6508185861,10.5194/isprs-archives-XLVIII-4-W7-2023-261-2023,TRUE
6507480049,10.5194/isprs-archives-XLVIII-4-W7-2023-261-2023,FALSE
57164717700,10.5194/isprs-archives-XLVIII-4-W7-2023-261-2023,FALSE
57189098382,10.5194/isprs-archives-XLVIII-4-W7-2023-261-2023,FALSE
58347601600,10.1145/3555776.3577733,TRUE
55513038200,10.1145/3555776.3577733,FALSE
7006767846,10.1145/3555776.3577733,FALSE
57218441279,10.1145/3580305.3599352,TRUE
12787700800,10.1145/3580305.3599352,FALSE
6602531754,10.1145/3580305.3599352,FALSE
57207484373,10.1109/TMM.2024.3356029,TRUE
57959602800,10.1109/TMM.2024.3356029,FALSE
55969154800,10.1109/TMM.2024.3356029,FALSE
8448272800,10.1109/TMM.2024.3356029,FALSE
58834415000,10.1109/TMM.2024.3356029,FALSE
57214008257,10.1109/TMM.2024.3356029,FALSE
58288426600,10.1145/3552326.3567492,TRUE
58288611100,10.1145/3552326.3567492,FALSE
24829518000,10.1145/3552326.3567492,FALSE
57295191400,10.1145/3552326.3567492,FALSE
58120643900,10.1145/3580305.3599543,TRUE
57199261878,10.1145/3580305.3599543,FALSE
57225815341,10.1145/3580305.3599543,FALSE
57203105806,10.1145/3580305.3599543,FALSE
57203396812,10.1145/3580305.3599543,FALSE
57854414600,10.1016/j.aei.2023.102224,TRUE
56532645200,10.1016/j.aei.2023.102224,FALSE
57202025250,10.1016/j.aei.2023.102224,FALSE
57194219473,10.1016/j.aei.2023.102224,FALSE
13610279900,10.1016/j.aei.2023.102224,FALSE
57226847195,10.1016/j.aei.2023.102224,FALSE
57211430431,10.1145/3588195.3595942,TRUE
56457133900,10.1145/3588195.3595942,FALSE
57221540494,10.1016/j.future.2024.03.012,TRUE
58939939800,10.1016/j.future.2024.03.012,FALSE
58940046700,10.1016/j.future.2024.03.012,FALSE
57295738100,10.1016/j.future.2024.03.012,FALSE
57220179863,10.1016/j.future.2024.03.012,FALSE
57221431048,10.1145/3593856.3595905,TRUE
55336403500,10.1145/3593856.3595905,FALSE
35593393300,10.1145/3593856.3595905,FALSE
58513342200,10.12694/scpe.v25i1.2296,TRUE
58965177700,10.1109/TCSS.2024.3374642,TRUE
58965451600,10.1109/TCSS.2024.3374642,FALSE
57299033000,10.1109/VCIP59821.2023.10402756,TRUE
56030205300,10.1109/VCIP59821.2023.10402756,FALSE
15847120000,10.1109/VCIP59821.2023.10402756,FALSE
57221263066,10.1080/15472450.2022.2106564,TRUE
57210599867,10.1080/15472450.2022.2106564,FALSE
57188712384,10.1080/15472450.2022.2106564,FALSE
54894418400,10.1080/15472450.2022.2106564,FALSE
57214116164,10.1080/15472450.2022.2106564,FALSE
57201290691,10.1080/15472450.2022.2106564,FALSE
57223921260,10.1016/j.bspc.2023.105615,TRUE
55954378200,10.1016/j.bspc.2023.105615,FALSE
57355296500,10.1016/j.bspc.2023.105615,FALSE
57221545838,10.1016/j.csbj.2023.11.024,TRUE
57205375693,10.1016/j.csbj.2023.11.024,FALSE
57899749300,10.1016/j.csbj.2023.11.024,FALSE
58188492800,10.1016/j.csbj.2023.11.024,FALSE
57215115545,10.1016/j.csbj.2023.11.024,FALSE
57221545344,10.1016/j.csbj.2023.11.024,FALSE
57188645698,10.1016/j.csbj.2023.11.024,FALSE
35315327700,10.1016/j.csbj.2023.11.024,FALSE
7406916379,10.1016/j.csbj.2023.11.024,FALSE
57221545847,10.1016/j.csbj.2023.11.024,FALSE
57213066912,10.1016/j.csbj.2023.11.024,FALSE
35237706300,10.1016/j.csbj.2023.11.024,FALSE
57565449400,10.1016/j.patcog.2023.110170,TRUE
58017646200,10.1016/j.patcog.2023.110170,FALSE
58523371700,10.1016/j.patcog.2023.110170,FALSE
7202881908,10.1016/j.patcog.2023.110170,FALSE
57203385925,10.1016/j.patcog.2023.110170,FALSE
7102880275,10.1016/j.patcog.2023.110170,FALSE
55364108400,10.1016/j.patcog.2023.110170,FALSE
57193335925,10.1016/j.bspc.2023.105611,TRUE
58859930300,10.1016/j.bspc.2023.105611,FALSE
58860177700,10.1016/j.bspc.2023.105611,FALSE
58859428400,10.1016/j.bspc.2023.105611,FALSE
58859175000,10.1016/j.bspc.2023.105611,FALSE
58947504000,10.1145/3640824.3640869,TRUE
57202849937,10.1145/3640824.3640869,FALSE
58947592600,10.1145/3640824.3640869,FALSE
58811493000,10.1109/CIPAE60493.2023.00081,TRUE
58937751800,10.1016/j.compbiomed.2024.108256,TRUE
58814762400,10.1016/j.compbiomed.2024.108256,FALSE
58937751900,10.1016/j.compbiomed.2024.108256,FALSE
58937343600,10.1016/j.compbiomed.2024.108256,FALSE
58938405000,10.1016/j.compbiomed.2024.108256,FALSE
58937752000,10.1016/j.compbiomed.2024.108256,FALSE
57445415300,10.1016/j.compbiomed.2024.108256,FALSE
57205631994,10.1016/j.compbiomed.2024.108256,FALSE
57210964761,10.1016/j.compbiomed.2024.108256,FALSE
56454782900,10.1145/3577193.3593734,TRUE
57386471100,10.1145/3577193.3593734,FALSE
57386471000,10.1145/3577193.3593734,FALSE
57194171391,10.1145/3606843.3606859,TRUE
58711505100,10.1145/3606843.3606859,FALSE
58747892400,10.1145/3606843.3606859,FALSE
58070682700,10.1145/3543873.3587586,TRUE
57878835100,10.1145/3543873.3587586,FALSE
56183769400,10.1145/3543873.3587586,FALSE
57222723497,10.1145/3543873.3587586,FALSE
57217183830,10.1145/3543873.3587586,FALSE
57211583553,10.1007/s41019-023-00235-6,TRUE
57486195600,10.1007/s41019-023-00235-6,FALSE
55800543300,10.1007/s41019-023-00235-6,FALSE
24924109600,10.1016/j.eswa.2023.122050,TRUE
57226891262,10.1016/j.eswa.2023.122050,FALSE
58314443200,10.1016/j.eswa.2023.122050,FALSE
57222480847,10.1016/j.eswa.2023.122050,FALSE
58640740800,10.1016/j.eswa.2023.122050,FALSE
58615163000,10.1016/j.eswa.2023.122050,FALSE
57211684710,10.1016/j.eswa.2023.122491,TRUE
58942472000,10.1016/j.iswa.2024.200351,TRUE
15058298400,10.1016/j.iswa.2024.200351,FALSE
57208653298,10.1109/ISCTech60480.2023.00094,FALSE
